Region,Year,male_pop1559,male_pop1549,ExcessByAge,TotalExcess_15_49,TotalExcess_15_59,ex_per100k_1549,ex_per100k_1559,Excessive Marriages,ex_nup_per100k
Алтайский край,2022,584819.0,466463.0,"[np.float64(-1.271708683472525), np.float64(31.576520201478672), np.float64(39.46949605494706), np.float64(73.07155048955332), np.float64(135.25037915704098), np.float64(40.64246268644263), np.float64(-155.48438444752162), np.float64(-146.53805032868217), np.float64(95.22891997497595)]",163.2543154584685,111.94518510476229,34.99834187458995,19.14185159934309,2007.6000000000001,430.38783354735534
Алтайский край,2023,576369.0,460639.0,"[np.float64(2.1095658263308223), np.float64(36.495800021434434), np.float64(52.21144176568191), np.float64(93.87538881688857), np.float64(164.69068596121878), np.float64(31.355825036985607), np.float64(-162.6119604489404), np.float64(-164.30390019367314), np.float64(117.21832996244711)]",218.12674697959972,171.0411767483737,47.35307843660648,29.675637785580708,2007.6000000000001,435.8293587820397
Амурская область,2022,228799.0,187638.0,"[np.float64(-40.28679738562198), np.float64(-1.7303030303029914), np.float64(36.42423139918333), np.float64(50.53533026113581), np.float64(45.401754892279314), np.float64(138.96581920362496), np.float64(-2.412838359113948), np.float64(-66.07246192200921), np.float64(14.027058393733341)]",226.8971969811845,174.85179345290862,120.92283918032835,76.42157240761918,1890.4,1007.4718340634627
Амурская область,2023,226425.0,185337.0,"[np.float64(-45.43882352941273), np.float64(1.8147186147187995), np.float64(45.58969589365188), np.float64(66.26440092165677), np.float64(59.144801397431365), np.float64(160.16153015934105), np.float64(5.331521267162259), np.float64(-77.31554993339574), np.float64(7.366872416575461)]",292.8678447245494,222.91916720772912,158.01909209955346,98.4516582566983,1890.4,1019.9798205431188
Архангельская область без АО,2022,276243.0,219392.0,"[np.float64(-47.066096256685796), np.float64(33.84784313725322), np.float64(42.95572649572637), np.float64(-3.515156836281676), np.float64(-129.75756019261644), np.float64(90.80259615982027), np.float64(100.21090552284693), np.float64(-34.75739741468283), np.float64(-442.272718729635)]",87.47825803006288,-389.55185811425497,39.87303914001553,-141.0178205834193,684.1999999999999,311.86187281213535
Архангельская область без АО,2023,272674.0,216763.0,"[np.float64(-52.527860962567274), np.float64(46.77689075630019), np.float64(49.668803418803236), np.float64(-2.1434792744180413), np.float64(-145.15773140716738), np.float64(96.83011184987191), np.float64(117.7183067003067), np.float64(-39.85035134422196), np.float64(-497.1584441586847)]",111.16504108112935,-425.8437544217773,51.284140319671415,-156.17321578946923,684.1999999999999,315.64427508384733
Астраханская область,2022,273148.0,218395.0,"[np.float64(5.561904761904657), np.float64(-5.413043478260789), np.float64(31.25230769230791), np.float64(25.907295729769487), np.float64(27.45411467485428), np.float64(50.69974452543397), np.float64(-31.553029624349108), np.float64(68.16177019431251), np.float64(64.69323121468176)]",103.90929428166041,236.76429569065468,47.5786049505073,86.67985696056888,172.79999999999995,79.12269053778701
Астраханская область,2023,270504.0,216469.0,"[np.float64(4.877380952380861), np.float64(-5.741304347825974), np.float64(35.61384615384634), np.float64(23.795786543876744), np.float64(35.151770724546395), np.float64(62.68762218706297), np.float64(-32.028340316780884), np.float64(79.29801330197114), np.float64(70.32706866306034)]",124.35676189710645,273.9818438621379,57.44783867302314,101.28569036396426,172.79999999999995,79.82667264134817
Белгородская область,2022,442249.0,348846.0,"[np.float64(3.5619291819291448), np.float64(29.635833333332585), np.float64(84.6987240829344), np.float64(54.32539186970308), np.float64(122.72879863073058), np.float64(141.54862978100482), np.float64(-87.03442221079547), np.float64(-35.7956824767067), np.float64(200.8688843731502)]",349.46488466883915,514.5380865652826,100.17740913435702,116.34578858635805,1182.4,338.94612522431106
Белгородская область,2023,433216.0,342125.0,"[np.float64(4.0492796092795516), np.float64(35.919166666666115), np.float64(96.1103468899521), np.float64(57.067893478454636), np.float64(150.27703801875305), np.float64(171.98441209745852), np.float64(-100.37962701579931), np.float64(-35.38176316573026), np.float64(229.3914733267054)]",415.0285097447646,609.0382199057398,121.30902732766229,140.5853477031642,1182.4,345.60467665327
Брянская область,2022,332944.0,259151.0,"[np.float64(0.8692063492065074), np.float64(9.415531135531637), np.float64(-19.760037440036967), np.float64(57.77404761904563), np.float64(208.62561065252294), np.float64(13.012607729994329), np.float64(-12.267243138682545), np.float64(-7.996347976517768), np.float64(-171.51507688283755)]",257.6697229075815,78.15829804822619,99.42841158536201,23.47490810713699,542.8,209.45317594761354
Брянская область,2023,328293.0,255985.0,"[np.float64(1.6636507936509588), np.float64(13.073113553114581), np.float64(-24.477266877266175), np.float64(72.24071428571324), np.float64(242.6756478688685), np.float64(22.18774261451324), np.float64(-11.675839509573734), np.float64(-4.792055748923303), np.float64(-193.98454810963426)]",315.6877627290206,116.91115887046305,123.32275825889042,35.61183420617042,542.8,212.04367443404885
Владимирская область,2022,381110.0,301157.0,"[np.float64(18.882352941175554), np.float64(-8.84615384615384), np.float64(95.15726817042105), np.float64(-33.55247757073863), np.float64(-72.0887708056888), np.float64(58.64662484002679), np.float64(-87.31112834305395), np.float64(21.486364464545545), np.float64(-7.598394627259495)]",-29.112284614011827,-15.224314776725777,-9.666813195114784,-3.994729809431864,856.0,284.23712548604215
Владимирская область,2023,374987.0,296691.0,"[np.float64(22.77658371040593), np.float64(-9.138461538461542), np.float64(108.75510892615989), np.float64(-34.73947550034518), np.float64(-79.32440001404677), np.float64(68.35771877579407), np.float64(-94.6762659172714), np.float64(24.98340000238329), np.float64(-16.22810338454451)]",-17.989191557764997,-9.233894939926216,-6.063275110389259,-2.4624573491684285,856.0,288.5156610749905
Волгоградская область,2022,736935.0,581345.0,"[np.float64(-8.921341991342217), np.float64(-71.19393939394286), np.float64(79.27585125448161), np.float64(225.31952569141288), np.float64(55.9689672698334), np.float64(58.672888224919575), np.float64(80.05148436741956), np.float64(-52.214003190029985), np.float64(-30.664407171357198)]",419.17343542278195,336.29502506139477,72.10407510562264,45.63428593585523,1651.0,283.9965941050495
Волгоградская область,2023,728325.0,574113.0,"[np.float64(-7.978701298701367), np.float64(-78.36363636363967), np.float64(93.20842293907333), np.float64(260.64470558021867), np.float64(64.89991302295033), np.float64(58.99606000622475), np.float64(98.83624570727625), np.float64(-54.08783142525533), np.float64(-37.549398307623505)]",490.2430095934023,398.60577986052346,85.3913793266138,54.729108551885965,1651.0,287.5740490112574
Вологодская область,2022,319318.0,253455.0,"[np.float64(0.5666666666668334), np.float64(-1.0851325145442274), np.float64(59.93184109699587), np.float64(58.203113524083676), np.float64(-6.6354343033697205), np.float64(-9.925836789455104), np.float64(45.22368118387817), np.float64(36.64374710414381), np.float64(-200.34771368702945)]",146.2788988642555,-17.425067718630146,57.71395271912391,-5.456963816205207,774.6,305.6163816062023
Вологодская область,2023,315399.0,251095.0,"[np.float64(1.7033333333334042), np.float64(-0.3828959276017372), np.float64(69.81231094979012), np.float64(67.06909592877605), np.float64(-14.51832075673883), np.float64(-12.74519511964479), np.float64(52.02296765539461), np.float64(48.47220500635353), np.float64(-232.7662937300886)]",162.96129606330882,-21.332792660426236,64.90025530707852,-6.763747716519784,774.6,308.48881897289874
Воронежская область,2022,662380.0,522804.0,"[np.float64(32.51168321874184), np.float64(-15.402845849802304), np.float64(89.21859697679338), np.float64(-71.35555887962494), np.float64(-82.7200343659888), np.float64(118.80858691466273), np.float64(-184.5810886466735), np.float64(-152.5585143836213), np.float64(-11.785017870339288)]",-113.52066063189159,-277.86419288585216,-21.713808737479358,-41.94936333914855,1370.8,262.20151337786245
Воронежская область,2023,652320.0,515658.0,"[np.float64(37.664940157880665), np.float64(-15.082687747035578), np.float64(112.20236321055495), np.float64(-74.53951966315242), np.float64(-81.6084387826196), np.float64(143.58853775679222), np.float64(-191.01026389976926), np.float64(-152.74263740510833), np.float64(-9.372069893668595)]",-68.78506896734902,-230.89977626612594,-13.33928087363117,-35.396703499222156,1370.8,265.8351077652242
Москва,2022,3775904.0,3010526.0,"[np.float64(25.259012520580654), np.float64(178.0375748333372), np.float64(198.15629835621792), np.float64(201.2411321117554), np.float64(742.8376177532036), np.float64(249.57767480137682), np.float64(141.99565888044526), np.float64(78.45817077340598), np.float64(-351.073043223867)]",1737.1049692569168,1464.4900968064558,57.701045241161076,38.78515176250391,9116.600000000002,302.82415763889776
Москва,2023,3764665.0,2994816.0,"[np.float64(27.672505456216356), np.float64(193.91904884285577), np.float64(222.47584902680046), np.float64(244.48480279581963), np.float64(869.8206594396167), np.float64(308.05049456910456), np.float64(174.06700394196105), np.float64(69.50099095383712), np.float64(-402.5493968465835)]",2040.4903640723746,1707.4419581796283,68.13408116132592,45.35441953479601,9116.600000000002,304.4126917980939
Санкт-Петербург,2022,1657563.0,1329612.0,"[np.float64(-38.34516129032443), np.float64(-14.8041602500696), np.float64(-34.140414275990054), np.float64(46.40425415367122), np.float64(179.04372091174355), np.float64(-141.52450665773313), np.float64(-215.12598866113126), np.float64(-296.92892003431984), np.float64(-144.05461877357857)]",-218.4922560698337,-659.4757948777321,-16.432783102877657,-39.78586605020335,3449.3999999999996,259.4290665246703
Санкт-Петербург,2023,1638251.0,1308865.0,"[np.float64(-45.09516129032289), np.float64(-19.922690309002604), np.float64(-31.965185127556992), np.float64(62.936872293399745), np.float64(226.9639894035996), np.float64(-163.69342651827083), np.float64(-230.81512125744757), np.float64(-336.25476109153306), np.float64(-163.05109658883066)]",-201.59072280560153,-700.8965804859653,-15.401949231250093,-42.783223113305915,3449.3999999999996,263.5413125112215
Севастополь,2022,168467.0,136002.0,"[np.float64(2.1200000000003456), np.float64(10.074285714285736), np.float64(-78.72797385620902), np.float64(-19.252795001100992), np.float64(-11.588051948051543), np.float64(-96.91495160898194), np.float64(-7.7578923899758365), np.float64(-2.2424928496166103), np.float64(27.984624041628877)]",-202.04737909003325,-176.30524789802098,-148.56206459466276,-104.6526903773564,266.3999999999999,195.87947236070053
Севастополь,2023,171215.0,137859.0,"[np.float64(3.1600000000003092), np.float64(10.767857142857167), np.float64(-89.03686274509687), np.float64(-21.42865287635925), np.float64(-13.091601731601259), np.float64(-106.4868751681222), np.float64(-3.6429823417093985), np.float64(0.20926689748557692), np.float64(40.94665305447833)]",-219.7591177200315,-178.6031977680676,-159.40861149437578,-104.31515799904658,266.3999999999999,193.24092007050677
Еврейская АО,2022,44197.0,36314.0,"[np.float64(19.576923076923322), np.float64(2.152380952380952), np.float64(6.222727272726615), np.float64(-23.611730306157547), np.float64(-24.72567195767283), np.float64(-26.879473684210893), np.float64(-17.63430799220282), np.float64(-5.887705579659155), np.float64(-35.09587823940578)]",-64.8991526382132,-105.88273645727813,-178.71661793857243,-239.5699627967467,283.4,780.4152668392355
Еврейская АО,2023,43537.0,35584.0,"[np.float64(24.384615384616154), np.float64(2.173809523809524), np.float64(8.51363636363567), np.float64(-23.415479876160973), np.float64(-28.513005291006266), np.float64(-29.20368421052632), np.float64(-16.87875243664739), np.float64(-6.643615679548105), np.float64(-40.076353352529225)]",-62.9388605422796,-109.65882957435693,-176.8740460383307,-251.8750248624318,283.4,796.4253597122303
Забайкальский край,2022,298099.0,247240.0,"[np.float64(17.285909090909115), np.float64(20.13454545454465), np.float64(22.62147641831885), np.float64(-32.555443576857044), np.float64(23.553646825724968), np.float64(143.83364137130854), np.float64(92.54024391112796), np.float64(33.108879767088126), np.float64(37.75163697853759)]",287.414019495077,358.27453624070273,116.24899672183992,120.18642673766189,1819.4,735.8841611389743
Забайкальский край,2023,295485.0,245120.0,"[np.float64(18.116636363636516), np.float64(23.286363636363717), np.float64(20.68478058783373), np.float64(-38.808113328845366), np.float64(27.877357591376835), np.float64(166.93753895774148), np.float64(105.91468684483078), np.float64(29.639655213478534), np.float64(39.56168402634955)]",324.0092506529377,393.21058989276577,132.18393058621805,133.07294444481641,1819.4,742.2486945169713
Ивановская область,2022,260788.0,203490.0,"[np.float64(20.230952380952203), np.float64(7.3958441558443155), np.float64(7.352564102564102), np.float64(22.815397820736905), np.float64(-61.82098761898612), np.float64(53.80902599829574), np.float64(-9.558655394524749), np.float64(-104.75305255067269), np.float64(49.2574228390024)]",40.22414144488239,-15.271488266787898,19.767134230125507,-5.855901447454598,683.2,335.7413140694875
Ивановская область,2023,257494.0,201085.0,"[np.float64(24.340476190476238), np.float64(13.406753246753397), np.float64(7.365384615384606), np.float64(28.357911814585236), np.float64(-72.24963517863455), np.float64(68.16980115268495), np.float64(-12.837987117552132), np.float64(-107.01934385254572), np.float64(47.346695532403146)]",56.55270472369776,-3.119943596444813,28.12378085073365,-1.211656813923747,683.2,339.7568192555387
Иркутская область,2022,663571.0,540884.0,"[np.float64(-80.03216084623091), np.float64(-118.12906857310566), np.float64(-40.44075503668773), np.float64(95.36804318157078), np.float64(138.49541201984107), np.float64(24.731764626039308), np.float64(-76.87506893981765), np.float64(-82.9044362647212), np.float64(-201.27320757230837)]",-56.88183356839079,-341.05947740542035,-10.516457053340604,-51.397586302810154,1878.0,347.20938315794143
Иркутская область,2023,655891.0,534880.0,"[np.float64(-89.29319436882588), np.float64(-128.86049514151665), np.float64(-38.411754399352844), np.float64(104.18659256952924), np.float64(182.04276229698803), np.float64(32.75968012004182), np.float64(-79.2405577372001), np.float64(-94.97371171535724), np.float64(-236.88317750346232)]",-16.81696666033639,-348.67385587915595,-3.1440634647652543,-53.16033546414815,1878.0,351.1067903081065
Кабардино-Балкария,2022,269421.0,216092.0,"[np.float64(-37.1599999999994), np.float64(37.99019607843093), np.float64(81.52403846153447), np.float64(-120.91000000000156), np.float64(19.792222222222307), np.float64(24.35381774351515), np.float64(17.30182558490111), np.float64(-192.25912636574776), np.float64(35.87988956698666)]",22.89210009060301,-133.4871367081581,10.593682362421102,-49.54592875394201,-90.20000000000005,-41.74148048053609
Кабардино-Балкария,2023,267734.0,215561.0,"[np.float64(-43.19999999999936), np.float64(43.231862745097715), np.float64(101.95817307692414), np.float64(-130.0882352941196), np.float64(20.490416666666846), np.float64(33.12439975119901), np.float64(27.25735266007308), np.float64(-211.2264321818825), np.float64(42.574934612031825)]",52.77396960584181,-115.87752796400886,24.482151041163206,-43.280841418724876,-90.20000000000005,-41.84430393252956
Калининградская область,2022,309364.0,246670.0,"[np.float64(7.302380952380986), np.float64(-72.66769230769205), np.float64(59.144511434510605), np.float64(40.968762080381566), np.float64(4.9668897082759145), np.float64(30.621010157776652), np.float64(87.34224786324796), np.float64(25.65676326754948), np.float64(-129.77730966713284)]",157.67810988888164,53.557563489298275,63.92269424286766,17.312151216462897,1602.4,649.6128430696883
Калининградская область,2023,308110.0,245309.0,"[np.float64(7.5690476190476375), np.float64(-82.88197802197647), np.float64(65.02285602910433), np.float64(54.88196341582443), np.float64(7.80263654236191), np.float64(25.339353733766757), np.float64(88.31077564102549), np.float64(27.988819992047866), np.float64(-151.1261924167186)]",166.0446549591541,42.90728253448336,67.68795884339917,13.925962329844326,1602.4,653.2169630955244
Калужская область,2022,324498.0,259073.0,"[np.float64(-22.06794871794932), np.float64(-1.903846153846196), np.float64(12.52910087719269), np.float64(-80.09521932199158), np.float64(112.96610564301955), np.float64(191.85839103691796), np.float64(215.5219278990303), np.float64(74.35186196178006), np.float64(203.75445135819325)]",428.8085112623734,706.9148245823467,165.51648039833304,217.84874624261064,477.80000000000007,184.42678318466227
Калужская область,2023,320917.0,256238.0,"[np.float64(-25.653205128206082), np.float64(-1.6929487179487452), np.float64(11.229671052631204), np.float64(-84.73977924482728), np.float64(129.54446906447157), np.float64(228.30878851472835), np.float64(249.55577461432313), np.float64(90.14656443259491), np.float64(231.94985753051787)]",506.55277015517214,828.6491921182849,197.68838741918535,258.21293110626266,477.80000000000007,186.46726871112017
Камчатский край,2022,94302.0,75416.0,"[np.float64(18.280000000000655), np.float64(-16.53333333333336), np.float64(45.764705882353155), np.float64(47.14436647173494), np.float64(-37.85756592292091), np.float64(3.7376503033646884), np.float64(-23.53901875901849), np.float64(-25.486816114359556), np.float64(2.6617848817854224)]",36.99680464218068,14.171773409606544,49.05697019489323,15.028073009699204,465.20000000000005,616.8452317810545
Камчатский край,2023,91495.0,72965.0,"[np.float64(22.73999999999978), np.float64(-17.333333333333485), np.float64(54.4247058823521), np.float64(48.686208576997785), np.float64(-39.14558485463152), np.float64(3.142305570877099), np.float64(-26.619422799422694), np.float64(-29.83371020142897), np.float64(-1.012624042624111)]",45.894879042839065,15.048544798785983,62.89985478357988,16.44739581265204,465.20000000000005,637.5659562804085
Карачаево-Черкесия,2022,136311.0,109484.0,"[np.float64(-8.583333333333343), np.float64(-24.500000000000455), np.float64(20.31111111111113), np.float64(-7.46060606060621), np.float64(-64.24703279939126), np.float64(-57.24192982456202), np.float64(24.394213152531847), np.float64(-91.53920102354004), np.float64(-6.004204376216762)]",-117.32757775425031,-214.87098315400712,-107.16413152081611,-157.632900612575,219.4,200.39457820320777
Карачаево-Черкесия,2023,136443.0,110062.0,"[np.float64(-8.924999999999983), np.float64(-26.845000000000027), np.float64(19.79444444444448), np.float64(-5.116666666666561), np.float64(-72.13321128909456), np.float64(-66.11842105263099), np.float64(27.960715070408696), np.float64(-102.37064831359339), np.float64(-10.087303814869074)]",-131.38313949353895,-243.84109162200141,-119.37193535783372,-178.71278967920773,219.4,199.34218894804746
Кемеровская область,2022,728361.0,589823.0,"[np.float64(19.939899159662218), np.float64(13.755555555556384), np.float64(56.30568683684737), np.float64(12.322739095487918), np.float64(148.04918979594345), np.float64(130.0713735678537), np.float64(-39.782210695657795), np.float64(134.14817484184152), np.float64(165.95720585510026)]",340.66223331569324,640.767614012635,57.75668858550671,87.97390497468083,3031.2,513.9168869304858
Кемеровская область,2023,721103.0,584329.0,"[np.float64(24.832873949579152), np.float64(21.973333333333358), np.float64(78.12698956126542), np.float64(10.569618479374071), np.float64(193.99903342536936), np.float64(155.65270313930307), np.float64(-32.305090366827244), np.float64(153.0970893606393), np.float64(192.11043858300968)]",452.8494615213972,798.0569894650462,77.49905644275694,110.67170563221151,3031.2,518.748855524884
Кировская область,2022,311517.0,242943.0,"[np.float64(-4.744755244754742), np.float64(10.028225108225229), np.float64(4.870309582310483), np.float64(-5.809491716446928), np.float64(-125.40842417396283), np.float64(107.23048332183794), np.float64(7.77791785880305), np.float64(-7.4867775685332845), np.float64(-143.92115229255592)]",-6.055735263987799,-157.463665125077,-2.4926568223771826,-50.54737466176067,720.2,296.44813804061033
Кировская область,2023,307151.0,240289.0,"[np.float64(-2.8854895104890375), np.float64(18.555454545453813), np.float64(9.395341523341244), np.float64(-7.331735364639314), np.float64(-141.39483868392466), np.float64(118.8720610027442), np.float64(17.52154256512506), np.float64(-7.6434290350099445), np.float64(-162.9232700850264)]",12.732336077611308,-157.83436304242503,5.2987594428422895,-51.386569811729416,720.2,299.7224175888201
Костромская область,2022,154547.0,120179.0,"[np.float64(11.857777777777756), np.float64(-4.16952380952398), np.float64(-0.013053879759354459), np.float64(45.642124542124975), np.float64(-30.13807681679978), np.float64(-44.30412782839983), np.float64(34.190774069813244), np.float64(86.19564010573936), np.float64(31.93743682478106)]",13.06589405523303,131.19897098575345,10.87202760485029,84.89260288828217,556.8,463.30889756113794
Костромская область,2023,152056.0,118831.0,"[np.float64(13.168888888888887), np.float64(-2.379047619047469), np.float64(5.6163927605568915), np.float64(51.43256410256447), np.float64(-28.396193699917177), np.float64(-52.2808127078855), np.float64(39.079617951669036), np.float64(101.13130506009566), np.float64(34.035833104899325)]",26.241409676829136,161.40854784182412,22.082966294005047,106.15072594427325,556.8,468.5646001464264
Краснодарский край,2022,1683327.0,1346803.0,"[np.float64(20.266870318211687), np.float64(149.53160358039509), np.float64(29.629106148595383), np.float64(29.908076254542493), np.float64(-129.4672279055983), np.float64(-120.39995798390146), np.float64(225.8428480379307), np.float64(32.725601743301695), np.float64(-142.94339416955972)]",205.3113184501756,95.09352602391758,15.244346682489985,5.649141612052654,3676.0,272.9426649628787
Краснодарский край,2023,1673002.0,1337907.0,"[np.float64(26.3950152813575), np.float64(171.97890750460692), np.float64(34.90058433573722), np.float64(45.968502321293045), np.float64(-134.9947303630954), np.float64(-147.33318670236395), np.float64(268.7286367053389), np.float64(27.021594786748437), np.float64(-187.2703385595746)]",265.6437290828742,105.39498531004801,19.85517147924887,6.299752499402153,3676.0,274.75751304089147
Красноярский край,2022,830975.0,676074.0,"[np.float64(-37.31722170106514), np.float64(-123.08283668265722), np.float64(-108.71138433230749), np.float64(-38.34508721611007), np.float64(83.95621524258627), np.float64(-230.14634691889614), np.float64(-132.32399189960552), np.float64(-247.67218242540525), np.float64(-342.2760784483403)]",-585.9706535080553,-1175.9189143818007,-86.67256151073038,-141.51074513454685,2503.2,370.25532707958
Красноярский край,2023,823610.0,670096.0,"[np.float64(-45.33219534530531), np.float64(-132.5790041296559), np.float64(-116.0720681732081), np.float64(-49.18616813303606), np.float64(96.71474988559191), np.float64(-243.66281013070306), np.float64(-138.80605989329092), np.float64(-273.55675083731194), np.float64(-378.24663738685376)]",-628.9235559196075,-1280.7269441437732,-93.85573946413759,-155.5016262726015,2503.2,373.5584155106134
Курганская область,2022,201085.0,154990.0,"[np.float64(-3.568671328671442), np.float64(11.420857142856903), np.float64(-2.715262026939911), np.float64(35.63522258620878), np.float64(56.14290012684717), np.float64(79.98818619713447), np.float64(-54.401705940161946), np.float64(-88.88465901248128), np.float64(21.71838674827461)]",122.50152675727401,55.33525449306734,79.03834231710046,27.518340250673766,606.8,391.50912962126586
Курганская область,2023,196510.0,152236.0,"[np.float64(-3.8774825174825764), np.float64(14.535440476190729), np.float64(-4.426994303622337), np.float64(38.699733909382076), np.float64(70.70598972428274), np.float64(89.48056167509083), np.float64(-59.10254079813211), np.float64(-105.2528496141565), np.float64(17.102405857673148)]",146.01470816570935,57.864264409225996,95.91338984583761,29.44596428132207,606.8,398.5916603168764
Курская область,2022,299203.0,232061.0,"[np.float64(-13.90545454545466), np.float64(53.6074224021595), np.float64(22.177560975610334), np.float64(83.81515050367028), np.float64(100.38473078000834), np.float64(65.26458176899794), np.float64(342.2457578996896), np.float64(133.4290246097433), np.float64(203.5064883833204)]",653.5897497846813,990.525262777745,281.64566634836586,331.05458928478157,549.0000000000001,236.5757279336037
Курская область,2023,293734.0,228148.0,"[np.float64(-15.000259740259736), np.float64(63.72601214574934), np.float64(28.215514729173833), np.float64(91.55830232765959), np.float64(114.62832493990436), np.float64(76.03788969699761), np.float64(406.3147043009517), np.float64(164.86875488182687), np.float64(235.77089638712573)]",765.4804884001767,1166.1201396691292,335.5192631099885,396.99869258210805,549.0000000000001,240.63327313848913
Ленинградская область,2022,627419.0,508463.0,"[np.float64(-11.704761904762336), np.float64(14.519323671497887), np.float64(82.42357048908946), np.float64(111.37125957969556), np.float64(-112.69371794875474), np.float64(60.41758148015242), np.float64(35.89154481854314), np.float64(70.07938876564538), np.float64(-3.0621777424021275)]",180.2248001854614,247.24201120870464,35.44501766804298,39.406204021348515,1522.6,299.45148417878977
Ленинградская область,2023,628372.0,508584.0,"[np.float64(-9.497619047619537), np.float64(18.966183574879324), np.float64(91.5092489389682), np.float64(126.06407082974727), np.float64(-117.22019041527847), np.float64(62.55785699581793), np.float64(34.38431003903759), np.float64(81.59469079231849), np.float64(-12.176467729364504)]",206.7638609155523,276.1820839785063,40.65481039819426,43.952003586809454,1522.6,299.38024003901023
Липецкая область,2022,322269.0,251794.0,"[np.float64(9.30000000000041), np.float64(13.224859943977378), np.float64(-1.1338707269742372), np.float64(48.37406594199763), np.float64(-110.68211867781793), np.float64(-74.28202099652856), np.float64(69.19059279774501), np.float64(-324.490402427964), np.float64(69.49581485792612)]",-46.00849171760029,-301.0030792876382,-18.27227484276841,-93.40118946831318,604.4000000000001,240.0374909648364
Липецкая область,2023,317426.0,248404.0,"[np.float64(11.552142857143508), np.float64(15.928641456582909), np.float64(-2.51365875503825), np.float64(54.51471328193327), np.float64(-116.61059338908808), np.float64(-85.4985640795042), np.float64(82.33898471336488), np.float64(-356.7020723516134), np.float64(91.7634282617903)]",-40.28833391460597,-305.2269780044291,-16.218874862967574,-96.15689263148863,604.4000000000001,243.313312184989
Магаданская область,2022,44183.0,34836.0,"[np.float64(-1.9285714285714448), np.float64(1.3657142857143754), np.float64(-65.14141414141477), np.float64(22.355497835498227), np.float64(12.12194331983892), np.float64(38.61428571428473), np.float64(62.89021195522764), np.float64(-98.80412075941422), np.float64(-18.795871080138966)]",70.27766754057768,-47.3223242989755,201.73862538918846,-107.10527646147953,172.8,496.03858077850504
Магаданская область,2023,43255.0,34073.0,"[np.float64(-2.257142857142867), np.float64(0.5928571428573832), np.float64(-74.67424242424386), np.float64(25.896450216450376), np.float64(16.063481781376993), np.float64(43.928571428570876), np.float64(69.5598952131445), np.float64(-108.23353874883196), np.float64(-22.448723867595817)]",79.1098705010134,-51.572392115414374,232.17759076398733,-119.22874145281325,172.8,507.1464209197899
Московская область,2022,2573001.0,2077650.0,"[np.float64(7.820607224142748), np.float64(16.456816638369475), np.float64(117.47544065775753), np.float64(225.89050480041465), np.float64(386.1214085460815), np.float64(52.763028018508294), np.float64(421.06070536946095), np.float64(-290.8270737357652), np.float64(-35.77614257135065)]",1227.5885112547353,900.9852949476194,59.08543360309655,35.01690418882929,7022.4,337.997256515775
Московская область,2023,2574610.0,2075337.0,"[np.float64(8.016925558761699), np.float64(24.072369482173684), np.float64(141.38573193814102), np.float64(256.2398333433132), np.float64(447.96930001378905), np.float64(99.94972913026481), np.float64(479.62286439407603), np.float64(-313.25200277716203), np.float64(-29.55920504769165)]",1457.2567538605194,1114.4455460356658,70.21783709636168,43.28599461804568,7022.4,338.3739604700345
Мурманская область,2022,208954.0,167982.0,"[np.float64(-18.017142857142517), np.float64(10.282983682983286), np.float64(30.71086691086657), np.float64(88.61232308077342), np.float64(19.535608682471548), np.float64(-124.18958704632968), np.float64(36.23043902438991), np.float64(-117.68808111491296), np.float64(112.7247621636294)]",43.16549147801254,38.20217252672899,25.69649812361595,18.282575364304577,429.20000000000005,255.50356585824673
Мурманская область,2023,206179.0,165829.0,"[np.float64(-19.59142857142797), np.float64(13.022144522144117), np.float64(33.802442002441694), np.float64(106.8577394348622), np.float64(24.525553878279197), np.float64(-135.56816821921927), np.float64(38.85743902439032), np.float64(-127.58479497277051), np.float64(123.77271157498603)]",61.90572207147028,58.0936386736858,37.33105914615072,28.176312172280305,429.20000000000005,258.8208335092173
Ненецкий АО,2022,12616.0,10380.0,"[np.float64(0.0), np.float64(14.0), np.float64(7.533333333333076), np.float64(0.06666666666660603), np.float64(-4.685714285714312), np.float64(-7.19999999999996), np.float64(-36.80000000000018), np.float64(-75.61904761904952), np.float64(-20.46060606060672)]",-27.085714285714772,-123.16536796537102,-260.94137076796505,-976.2632210317931,22.4,215.79961464354528
Ненецкий АО,2023,12531.0,10289.0,"[np.float64(0.0), np.float64(16.5), np.float64(8.316666666666606), np.float64(-0.5666666666668334), np.float64(-4.171428571428578), np.float64(-6.550000000000068), np.float64(-38.2800000000002), np.float64(-84.60952380952585), np.float64(-23.136363636363797)]",-24.751428571429074,-132.49731601731872,-240.56204268081515,-1057.3562845528586,22.4,217.70823209252598
Нижегородская область,2022,873455.0,692834.0,"[np.float64(9.094622073578421), np.float64(25.781234060761676), np.float64(-29.671248328391812), np.float64(135.80439421830704), np.float64(173.85756127171567), np.float64(123.09252985578189), np.float64(233.44127716358867), np.float64(96.12664280452395), np.float64(103.11758308771732)]",671.4003703153415,870.6445962075828,96.90638310408288,99.67824286398073,1329.6000000000001,191.90744103205097
Нижегородская область,2023,861454.0,683546.0,"[np.float64(7.850795986621847), np.float64(26.94225246041924), np.float64(-32.2793912436768), np.float64(141.77612444702322), np.float64(220.9643039681705), np.float64(135.12008981662734), np.float64(291.43747942641096), np.float64(116.75908237046951), np.float64(148.33833674636412)]",791.8116548615963,1056.90907397843,115.83882501859367,122.68897398798194,1329.6000000000001,194.5150728700044
Новгородская область,2022,160556.0,127324.0,"[np.float64(14.233333333333576), np.float64(-10.395421245421232), np.float64(28.97875175315562), np.float64(13.536037090827676), np.float64(-64.67850046451025), np.float64(0.977029669585221), np.float64(-9.812184553262341), np.float64(2.8606432981079593), np.float64(-49.264521463714345)]",-27.16095441629173,-73.56483258189812,-21.332156087062714,-45.818800033569666,603.8,474.22324149414095
Новгородская область,2023,158812.0,126220.0,"[np.float64(16.600000000000364), np.float64(-8.579120879121206), np.float64(33.884800140252764), np.float64(10.746794216397575), np.float64(-72.3752782656459), np.float64(-0.9095402998799784), np.float64(-12.484039566772537), np.float64(3.1369204949290292), np.float64(-48.585749746309716)]",-33.11638465476892,-78.56521390614961,-26.237034269346317,-49.470577730996155,603.8,478.3710980827127
Новосибирская область,2022,788526.0,637989.0,"[np.float64(-62.32971134342404), np.float64(3.8518752492285557), np.float64(-0.983161748010275), np.float64(150.52869808899436), np.float64(131.82357820575407), np.float64(144.25696740036813), np.float64(132.90422804455397), np.float64(-132.49294627381096), np.float64(-160.67869900626852)]",500.0524738974648,206.8808286173853,78.3794820753124,26.236399131719857,2717.8,425.99480555307383
Новосибирская область,2023,782961.0,633106.0,"[np.float64(-69.35882469964218), np.float64(9.26768946628306), np.float64(12.209362127636041), np.float64(188.82656641497698), np.float64(170.9074938595411), np.float64(168.5438337181222), np.float64(157.27684579123297), np.float64(-138.00461530212897), np.float64(-160.86485708830742)]",637.6729666781501,338.80349428771376,100.7213589317034,43.272077956336744,2717.8,429.2804048611133
Омская область,2022,517148.0,409892.0,"[np.float64(28.01841491841651), np.float64(38.75716550116522), np.float64(-5.109270010305664), np.float64(45.26501613210067), np.float64(93.06372694754782), np.float64(-58.5676659239258), np.float64(42.156103976024724), np.float64(-5.659497249457559), np.float64(-178.0219497451419)]",183.58349154102348,-0.09795545357599167,44.78825923438942,-0.018941473925451063,2292.4,559.2692709299035
Омская область,2023,508970.0,404415.0,"[np.float64(33.44522144522125), np.float64(45.55055011654986), np.float64(-3.695308337831875), np.float64(55.06800665196903), np.float64(112.69414510978731), np.float64(-54.17360902988628), np.float64(51.33055482018051), np.float64(-5.4679893604056815), np.float64(-192.25239682699726)]",240.2195607759898,42.49917458858687,59.39927074316972,8.350035284709682,2292.4,566.843465252278
Оренбургская область,2022,521698.0,411290.0,"[np.float64(5.293557495808841), np.float64(-2.9186686329540663), np.float64(14.319594844818255), np.float64(171.5211126473514), np.float64(39.111098950632936), np.float64(-52.90900933011574), np.float64(122.23238162856364), np.float64(77.33743303302356), np.float64(-8.19002901956037)]",296.6500676041053,365.7974716175685,72.12673967373514,70.11670959397361,704.0,171.1687617009896
Оренбургская область,2023,514126.0,407001.0,"[np.float64(4.987762025966987), np.float64(-1.9891933463360516), np.float64(11.558966668384926), np.float64(196.23791281910235), np.float64(62.11606940656134), np.float64(-49.135408234316515), np.float64(135.45360064640863), np.float64(104.76837827331167), np.float64(-7.132630443430344)]",359.22970998577165,456.865457815653,88.26261114487966,88.86254688843843,704.0,172.9725479789976
Орловская область,2022,197884.0,154041.0,"[np.float64(0.7800000000000864), np.float64(31.046218487394754), np.float64(47.21173807035916), np.float64(56.74441558441697), np.float64(64.8569918969929), np.float64(93.11124343813503), np.float64(20.39046469793425), np.float64(-9.2568010756371), np.float64(82.93549117995246)]",314.14107217523315,387.8197622795485,203.93341524349563,195.98338535684974,331.6,215.2673638836414
Орловская область,2023,194702.0,152068.0,"[np.float64(1.4599999999999795), np.float64(35.56617647058806), np.float64(52.99035179380121), np.float64(66.57051948051947), np.float64(81.70385281385586), np.float64(108.34829662423954), np.float64(25.240690189679526), np.float64(2.599417705581004), np.float64(99.73056660225495)]",371.87988737268364,474.2098716805196,244.54841740056003,243.55675426062373,331.6,218.06034142620405
Пензенская область,2022,355464.0,276458.0,"[np.float64(-13.203809523809582), np.float64(4.747575757575987), np.float64(60.887640465464074), np.float64(26.30780863511012), np.float64(56.12401335307209), np.float64(-33.03866536723285), np.float64(172.2277752264706), np.float64(-28.573944279979514), np.float64(287.3249981608378)]",274.05233854665045,532.8033924275087,99.12982751327523,149.8895506795368,586.8,212.25647295430045
Пензенская область,2023,349030.0,271758.0,"[np.float64(-13.56190476190477), np.float64(6.8869696969698), np.float64(71.7969597183569), np.float64(29.264950762592605), np.float64(65.2126469267755), np.float64(-39.524019064574134), np.float64(194.48042437527226), np.float64(-23.133641183440886), np.float64(326.48322996046045)]",314.5560276534882,617.9056164305077,115.74858059504713,177.0351019770529,586.8,215.92740600092728
Пермский край,2022,704725.0,564137.0,"[np.float64(-7.57692043125769), np.float64(52.76645934640521), np.float64(26.510875662994806), np.float64(-192.67205734401455), np.float64(167.06864809213096), np.float64(141.30252082302195), np.float64(-32.10890907149985), np.float64(221.99520666576257), np.float64(-250.08443237897268)]",155.29061707778084,127.20139136457072,27.527110804251596,18.049791246879384,1829.0,324.21202651129073
Пермский край,2023,697698.0,558369.0,"[np.float64(-10.303158157356222), np.float64(56.17563878856484), np.float64(29.259343125255185), np.float64(-211.0456851471023), np.float64(207.4927333843019), np.float64(169.7729444011685), np.float64(-38.28440652788902), np.float64(234.9664192663074), np.float64(-297.7347955744069)]",203.0674098669429,140.2990335588434,36.367959157285405,20.108848464356125,1829.0,327.56116474947567
Приморский край,2022,557811.0,445040.0,"[np.float64(57.496470588232114), np.float64(-59.93210601906168), np.float64(30.837271435578714), np.float64(134.79039837096207), np.float64(-48.39098115059369), np.float64(208.79304030794145), np.float64(179.07090016179063), np.float64(-244.05295655086934), np.float64(-87.37683467962552)]",502.6649936948496,171.23520246435476,112.94827289566098,30.697709881008933,3181.8,714.9469710587813
Приморский край,2023,546094.0,434528.0,"[np.float64(70.51731092437149), np.float64(-62.188562475518154), np.float64(32.908042338263044), np.float64(146.7365238843522), np.float64(-56.315818731801755), np.float64(240.83434736359806), np.float64(210.17496269365017), np.float64(-260.1620090571439), np.float64(-104.75279958292003)]",582.6668059969151,217.75199735685112,134.09188958983427,39.87445336459495,3181.8,732.2428013844908
Псковская область,2022,168436.0,132599.0,"[np.float64(4.19666666666663), np.float64(5.031111111110931), np.float64(4.906593406593402), np.float64(-87.75166750460903), np.float64(12.585702838827984), np.float64(-203.25627403359806), np.float64(-30.433661395984416), np.float64(-28.998034479373814), np.float64(-69.016760454429)]",-294.72152891099256,-392.7363238447954,-222.26527267248815,-233.16649875608266,748.8,564.7101411021199
Псковская область,2023,164368.0,129509.0,"[np.float64(4.498333333333306), np.float64(6.733333333333121), np.float64(5.6958791208791695), np.float64(-94.5334338863754), np.float64(14.371062271062073), np.float64(-230.25905234398317), np.float64(-30.83205358912437), np.float64(-26.546780533723393), np.float64(-80.09174821891907)]",-324.3259317608753,-430.96446051351774,-250.42733073444722,-262.1948679265537,748.8,578.183755569111
Республика Адыгея,2022,143687.0,115685.0,"[np.float64(-9.166666666666515), np.float64(17.20888888888885), np.float64(11.633846153846207), np.float64(-5.198817900365839), np.float64(-42.52437092731884), np.float64(29.40563650075414), np.float64(33.53337296842544), np.float64(72.54404931841191), np.float64(52.61386958290146)]",34.89188901756344,160.0498079188768,30.161117705461763,111.3878137332374,316.0,273.15555171370534
Республика Адыгея,2023,142575.0,114856.0,"[np.float64(-10.499999999999773), np.float64(18.211111111110995), np.float64(12.783076923077033), np.float64(-4.074247115114019), np.float64(-49.58466165413529), np.float64(30.363809389140158), np.float64(35.70104109593299), np.float64(86.79399279111203), np.float64(65.56850690219869)]",32.9001297500121,185.26262944332282,28.64467659505128,129.94047304458903,316.0,275.12711569269345
Республика Алтай,2022,57851.0,47616.0,"[np.float64(11.89696969696979), np.float64(-86.77142857142826), np.float64(-7.833333333333371), np.float64(6.689075630252098), np.float64(4.720727272727231), np.float64(10.136084656083767), np.float64(32.872049689441894), np.float64(-26.667327281689495), np.float64(-8.93305368612846)]",-28.289854959286856,-63.89023592710481,-59.41249781436252,-110.43929392249886,308.4,647.6814516129032
Республика Алтай,2023,57965.0,47803.0,"[np.float64(11.053030303030255), np.float64(-98.33714285714086), np.float64(-9.270833333333485), np.float64(6.720448179271706), np.float64(3.2872727272729207), np.float64(15.772486772486445), np.float64(39.642313664596145), np.float64(-34.015988252692296), np.float64(-15.051177355959538)]",-31.13242454381688,-80.19959015246872,-65.12650784222096,-138.35864772270978,308.4,645.1477940715017
Республика Башкортостан,2022,1184372.0,932143.0,"[np.float64(55.83402609086909), np.float64(-1.006392025022592), np.float64(-17.568719644691896), np.float64(276.1636466010443), np.float64(82.08348397349528), np.float64(94.04742407051799), np.float64(387.9999865346525), np.float64(66.03451244540724), np.float64(-328.0467936764135)]",877.5534556008647,615.5411743698585,94.14365130681287,51.97194583879545,1452.6000000000004,155.83445887594505
Республика Башкортостан,2023,1174354.0,929998.0,"[np.float64(59.36469635627623), np.float64(0.614589354709068), np.float64(-14.937128344103144), np.float64(316.23107293056785), np.float64(107.25378812971758), np.float64(121.15595422171668), np.float64(458.50001810506365), np.float64(79.64885988699189), np.float64(-361.74372540603736)]",1048.182990753948,766.0881252349025,112.70809085115751,65.23485467200712,1452.6000000000004,156.19388428792325
Республика Бурятия,2022,278890.0,233148.0,"[np.float64(7.394480519481249), np.float64(38.22679738562147), np.float64(11.053553418120714), np.float64(128.8848267622443), np.float64(177.777759137492), np.float64(-132.79107962239345), np.float64(-53.85088616750011), np.float64(50.66143405784544), np.float64(64.81405301799111)]",176.69545143306618,292.17093850890274,75.78681842995272,104.7620705327917,1762.4,755.914697960094
Республика Бурятия,2023,278562.0,233408.0,"[np.float64(9.54870129870153), np.float64(45.03790849673351), np.float64(16.439692750487325), np.float64(150.37695639187405), np.float64(205.22359517507448), np.float64(-152.33849455312532), np.float64(-59.95940196493592), np.float64(60.662391873250385), np.float64(59.629433391050725)]",214.32895759480965,334.62078285911076,91.82588325799016,120.12434677346903,1762.4,755.0726624622978
Республика Дагестан,2022,996630.0,816883.0,"[np.float64(-22.30321739130445), np.float64(13.905131414266577), np.float64(57.602552802974344), np.float64(2.2032945031318434), np.float64(3.1566585868909556), np.float64(55.96403348128365), np.float64(5.170774537866237), np.float64(45.1833264391239), np.float64(-75.59404700645302)]",115.69922793510915,85.28850736778003,14.163500517835377,8.557690152592238,-1577.0000000000002,-193.05090202636123
Республика Дагестан,2023,1002243.0,822497.0,"[np.float64(-21.557202898550663), np.float64(18.991745932414915), np.float64(61.46476449398057), np.float64(9.327981072148333), np.float64(16.497761927994304), np.float64(80.29647076004687), np.float64(16.494266434617998), np.float64(54.26289704554188), np.float64(-84.20721892103768)]",181.51578772265233,151.57146584715653,22.0688692752256,15.123225190613107,-1577.0000000000002,-191.73322212725398
Республика Ингушетия,2022,163710.0,137992.0,"[np.float64(10.0), np.float64(-13.514285714285961), np.float64(0.3166666666668334), np.float64(8.008888888888805), np.float64(-13.627272727272583), np.float64(-32.90236822001498), np.float64(2.5650937297993437), np.float64(-63.304343741590344), np.float64(-55.6908077210428)]",-39.15327737621854,-158.1484288388517,-28.373584973200288,-96.6027908123216,-126.0,-91.30964113861673
Республика Ингушетия,2023,166660.0,140439.0,"[np.float64(10.0), np.float64(-12.171428571428578), np.float64(-1.6875), np.float64(8.586666666666588), np.float64(-14.268668831168725), np.float64(-36.91122994652392), np.float64(1.0144634776984844), np.float64(-69.71110574520361), np.float64(-66.40718318741699)]",-45.43769720475615,-181.55598613737675,-32.35404496240798,-108.93794920039407,-126.0,-89.71866789139769
Республика Калмыкия,2022,77761.0,61342.0,"[np.float64(-4.519999999999996), np.float64(-41.161212121211065), np.float64(12.403174603174193), np.float64(3.9777777777776464), np.float64(10.124502164502246), np.float64(3.757115251897716), np.float64(-13.470032190031816), np.float64(-28.7561021680267), np.float64(56.72671486408336)]",-28.888674513891075,-0.9180618178344133,-47.09444510105813,-1.1806198709306892,94.20000000000002,153.56525708323827
Республика Калмыкия,2023,77528.0,61949.0,"[np.float64(-4.674999999999983), np.float64(-46.67878787878726), np.float64(14.041269841269695), np.float64(9.022222222222808), np.float64(11.909264069264282), np.float64(2.9401242236021687), np.float64(-18.084781884781535), np.float64(-34.79526278074627), np.float64(57.48095936957782)]",-31.525689407209825,-8.839992818378278,-50.889747061631056,-11.402322797412907,94.20000000000002,152.06056594941003
Республика Карелия,2022,146965.0,115125.0,"[np.float64(14.167619047619155), np.float64(14.224999999999454), np.float64(36.42363143610601), np.float64(-7.649523809523842), np.float64(32.02240245290514), np.float64(15.943124961582498), np.float64(33.38270151751203), np.float64(-51.85701512644977), np.float64(27.24214765017939)]",138.51495560620043,113.90008812993005,120.31700812699277,77.50150588910968,664.0,576.7643865363735
Республика Карелия,2023,145039.0,113814.0,"[np.float64(16.362857142857138), np.float64(20.36666666666588), np.float64(41.104028878775466), np.float64(-7.314761904761895), np.float64(36.78657192252706), np.float64(25.75147827155905), np.float64(36.431129190468255), np.float64(-54.604526111123846), np.float64(23.694783776118925)]",169.48797016809095,138.57822783308603,148.91662727616193,95.54549316603537,664.0,583.4080165884689
Республика Коми,2022,216075.0,170869.0,"[np.float64(-0.45714285714262815), np.float64(-7.994935064934566), np.float64(6.712916646190763), np.float64(42.36518395632726), np.float64(-3.550773884750015), np.float64(94.74947152734279), np.float64(94.35261217542697), np.float64(-31.876012982810266), np.float64(-120.74921207526586)]",226.17733249846057,73.55210744038445,132.36885128283103,34.04008211981231,407.8,238.66236707653232
Республика Коми,2023,212507.0,168294.0,"[np.float64(0.2714285714287712), np.float64(-10.391850649350204), np.float64(6.877431673744866), np.float64(54.842590364152215), np.float64(-5.267686209373096), np.float64(108.44214114807505), np.float64(105.0822539594927), np.float64(-26.12059201503888), np.float64(-136.0613010342331)]",259.85630885817034,97.67441580889835,154.40616353415473,45.96291689633675,407.8,242.3140456581934
Республика Крым,2022,545112.0,432292.0,"[np.float64(-45.0084980237159), np.float64(51.84709709709699), np.float64(-24.49168629228427), np.float64(-31.832975637833442), np.float64(33.76436582921383), np.float64(-23.584310652765225), np.float64(154.94214796801032), np.float64(-252.29290284977276), np.float64(43.83604365419296)]",115.6361402877223,-92.8207189078575,26.749544356065417,-17.027825274045973,777.2,179.7858854663052
Республика Крым,2023,539566.0,428682.0,"[np.float64(-50.32213438735255), np.float64(53.24359359359346), np.float64(-29.218142971596592), np.float64(-39.87785165915466), np.float64(29.581564346899086), np.float64(-27.385442586326917), np.float64(164.45142855310098), np.float64(-278.1710452270345), np.float64(58.50719222490943)]",100.47301488916281,-119.19083811296224,23.437656558745832,-22.090131348706596,777.2,181.29989129471264
Республика Марий Эл,2022,190664.0,151314.0,"[np.float64(-5.076190476190391), np.float64(22.08585858585775), np.float64(65.43917888563192), np.float64(32.798780487804706), np.float64(137.1685055159886), np.float64(29.63422139174122), np.float64(-25.68539950438634), np.float64(29.005764961716068), np.float64(-61.3385912392273)]",256.3649548864475,224.03212860893626,169.4257999170252,117.50101152233053,280.2,185.17784210317618
Республика Марий Эл,2023,188425.0,150229.0,"[np.float64(-5.473015873015811), np.float64(24.681818181818016), np.float64(75.0298826979515), np.float64(31.17652439024407), np.float64(152.28243611227242), np.float64(32.62985398085192), np.float64(-18.325108833971058), np.float64(33.1667413684512), np.float64(-69.71524715459032)]",292.0023906561511,255.45388487001196,194.3715199170274,135.57324392729836,280.2,186.5152533798401
Республика Мордовия,2022,230866.0,178274.0,"[np.float64(9.853333333333467), np.float64(45.699465240643804), np.float64(-24.42060606060562), np.float64(-18.629371816637672), np.float64(86.19391391391082), np.float64(67.71150796955055), np.float64(-22.539045477771936), np.float64(39.69686400537603), np.float64(116.8306324977325)]",143.8691971024234,300.39669360553194,80.7011662398462,130.11733802531856,204.39999999999998,114.65496931689421
Республика Мордовия,2023,225836.0,174534.0,"[np.float64(12.613333333333685), np.float64(55.808422459895155), np.float64(-25.561818181817898), np.float64(-24.231069609506903), np.float64(104.18722722722441), np.float64(84.9477492328707), np.float64(-22.061571793561455), np.float64(47.81407703683021), np.float64(138.60105082035585)]",185.7022726684377,372.1174005256238,106.39890947806026,164.77328704264323,204.39999999999998,117.11185213196282
Якутия,2022,309111.0,256409.0,"[np.float64(-13.26990553306348), np.float64(70.53111280876396), np.float64(9.862987012987105), np.float64(32.735130213824334), np.float64(-91.2054604025684), np.float64(67.1913719072295), np.float64(-73.62879875679891), np.float64(53.61626942443286), np.float64(-126.18598724020671)]",2.216437250374099,-70.35328056539976,0.8644147632782389,-22.759876085095566,850.0,331.5016243579594
Якутия,2023,307385.0,255714.0,"[np.float64(-13.721187584345557), np.float64(86.09340463458216), np.float64(11.701298701298583), np.float64(35.74287448976844), np.float64(-105.0039631042298), np.float64(86.20175095907189), np.float64(-86.62227816627774), np.float64(65.94737218549687), np.float64(-149.65469668478022)]",14.391899929867975,-69.31542456941537,5.628123579416057,-22.550034832348803,850.0,332.40260603643134
Северная Осетия,2022,199586.0,160846.0,"[np.float64(-2.3809523809522943), np.float64(10.454212454212495), np.float64(-44.7948717948741), np.float64(10.299616858236277), np.float64(-40.08119658119631), np.float64(97.03725490196018), np.float64(-7.829611940299401), np.float64(-13.591638795167142), np.float64(-17.71642337507467)]",22.704451517086852,-8.60361065315496,14.115645721427235,-4.310728534644193,-123.60000000000002,-76.8436889944419
Северная Осетия,2023,198055.0,159787.0,"[np.float64(-2.9904761904761017), np.float64(9.341117216117254), np.float64(-51.38461538461593), np.float64(17.110727969348773), np.float64(-47.84829059829099), np.float64(110.64436274509899), np.float64(-11.293014925373427), np.float64(-16.444112208546017), np.float64(-19.29123655336923)]",23.579810831808572,-12.155537930106675,14.757027062156853,-6.137455721949294,-123.60000000000002,-77.35297614949903
Республика Татарстан,2022,1148557.0,913209.0,"[np.float64(-10.726807413235463), np.float64(28.714296814297313), np.float64(82.36192776244559), np.float64(77.77682632779033), np.float64(79.48189112553814), np.float64(124.53881366808059), np.float64(-17.08448723997799), np.float64(205.6488376367381), np.float64(45.401380909351246)]",365.0624610449385,616.1126795910279,39.97578440914823,53.64232507320298,2331.3999999999996,255.29752772913972
Республика Татарстан,2023,1140822.0,910091.0,"[np.float64(-10.466469971151383), np.float64(38.06871600621719), np.float64(87.73055455469489), np.float64(95.07844509611914), np.float64(109.70307192173613), np.float64(150.46713938094786), np.float64(-19.271768708573063), np.float64(233.16303693872578), np.float64(38.219413846038606)]",451.3096882799907,722.6921390647551,49.58951228833058,63.34836977764761,2331.3999999999996,256.17218497930423
Республика Тыва,2022,92263.0,77704.0,"[np.float64(11.32261437908494), np.float64(-15.302489780751102), np.float64(4.143174603174373), np.float64(-25.55001394192891), np.float64(-3.0974954627948534), np.float64(-28.490851897975176), np.float64(-0.5109806938272641), np.float64(-75.64363837262741), np.float64(26.30604178912776)]",-57.486042795017994,-106.82363937851764,-73.98080252627663,-115.78166695047597,522.4,672.2948625553382
Республика Тыва,2023,92946.0,78378.0,"[np.float64(11.180915032679707), np.float64(-16.63563730955036), np.float64(1.3640634920628827), np.float64(-27.62239939729318), np.float64(-4.201524500907084), np.float64(-34.302207462755746), np.float64(-5.122977793938617), np.float64(-83.71303251656434), np.float64(29.309067361626035)]",-75.3397679397024,-129.7437330946407,-96.12361624397458,-139.59044293960008,522.4,666.5135624792671
Республика Хакасия,2022,146164.0,118953.0,"[np.float64(-6.646753246753178), np.float64(12.49166666666622), np.float64(1.2692307692307736), np.float64(20.456357832773392), np.float64(99.34344921629508), np.float64(30.385178197167704), np.float64(-37.26237997808448), np.float64(121.14714835426861), np.float64(57.60244586331601)]",120.03674945729551,298.78634367488013,100.91107366547755,204.41855975129315,758.4000000000001,637.5627348616681
Республика Хакасия,2023,145499.0,118455.0,"[np.float64(-7.467532467532465), np.float64(13.999999999999886), np.float64(4.753846153846212), np.float64(21.91225801102655), np.float64(113.39086558684357), np.float64(32.53359008704621), np.float64(-39.61289341691392), np.float64(134.83207941033436), np.float64(60.023478936522906)]",139.51013395431605,334.36569230117334,117.77479545339246,229.80617894361703,758.4000000000001,640.2431303026467
Ростовская область,2022,1221483.0,974569.0,"[np.float64(-69.96163728470037), np.float64(-3.843479257869774), np.float64(39.46744757032815), np.float64(-81.72403597675338), np.float64(173.2571002868758), np.float64(132.68171644719814), np.float64(-95.01963847843263), np.float64(-93.55360012554502), np.float64(-68.72281080642324)]",94.85747330664594,-67.41893762532231,9.733274227545298,-5.519433150139815,2472.2,253.6711099983685
Ростовская область,2023,1209192.0,964547.0,"[np.float64(-78.9744133738593), np.float64(-1.8512624557017716), np.float64(59.97007672633805), np.float64(-82.60821379795846), np.float64(200.05292045846943), np.float64(145.38516290040593), np.float64(-102.94676137676242), np.float64(-91.64481071325531), np.float64(-55.687433693239655)]",139.02750908093145,-8.304735325563513,14.413762012730478,-0.6868003861722136,2472.2,256.3068466337047
Рязанская область,2022,308153.0,239647.0,"[np.float64(9.016103896104823), np.float64(35.662857142857774), np.float64(23.944041784301703), np.float64(8.896447485326206), np.float64(-18.30374247212916), np.float64(-89.07427859006907), np.float64(52.367831725828296), np.float64(98.76426090636551), np.float64(-134.56841990028397)]",22.509260972220574,-13.29489802169789,9.39267379613372,-4.314382148380152,432.59999999999997,180.5155082266834
Рязанская область,2023,304562.0,236841.0,"[np.float64(12.59740259740363), np.float64(39.06142857142913), np.float64(27.59462676453893), np.float64(9.940927675454674), np.float64(-19.173535426199493), np.float64(-107.54235966465592), np.float64(52.45597719187299), np.float64(129.32671696920352), np.float64(-161.88869214193255)]",14.934467709843943,-17.62750746288509,6.305693570726329,-5.787822335972673,432.59999999999997,182.65418571953336
Самарская область,2022,905873.0,719510.0,"[np.float64(38.41430660842434), np.float64(-29.42949093418656), np.float64(11.072165610585216), np.float64(291.4831676170459), np.float64(277.9950224307124), np.float64(-45.03418418637284), np.float64(7.948514610638313), np.float64(-36.082852543027), np.float64(181.2282652594904)]",552.4495017568468,697.5949144733102,76.78135144151531,77.00802590134712,1642.8,228.32205250795678
Самарская область,2023,894384.0,709447.0,"[np.float64(44.78289537260207), np.float64(-33.6574793901741), np.float64(25.144205901015084), np.float64(342.0809076465014), np.float64(342.4680646471354), np.float64(-40.04107590790795), np.float64(16.785972117812207), np.float64(-22.416877778317257), np.float64(195.11875947383987)]",697.5634903869841,870.2653720825067,98.3249616091102,97.30332520287782,1642.8,231.56063807444392
Саратовская область,2022,706576.0,554144.0,"[np.float64(-10.054615915485556), np.float64(-8.052747356052748), np.float64(46.665344726936155), np.float64(89.0224995494579), np.float64(181.44648164209497), np.float64(94.34368167290859), np.float64(-99.46860143301524), np.float64(-35.715424665526825), np.float64(211.4897218199028)]",293.9020428868441,469.67634004122004,53.03712444542286,66.47216152844422,1803.4,325.4388750938384
Саратовская область,2023,695852.0,546044.0,"[np.float64(-11.306715506715449), np.float64(-3.9529353701527157), np.float64(51.571368371130376), np.float64(105.19044831252518), np.float64(209.41212945470699), np.float64(96.95709008242181), np.float64(-118.99472701161426), np.float64(-27.494489660252157), np.float64(247.5222494940574)]",328.87665833230193,548.9044181661072,60.22896659102599,78.88235115600835,1803.4,330.2664254162668
Сахалинская область,2022,143051.0,114851.0,"[np.float64(-0.29285714285714093), np.float64(0.6818181818180165), np.float64(57.886059351276344), np.float64(7.5848942226821805), np.float64(-23.024473708062146), np.float64(-39.689643624731445), np.float64(-27.397790474981917), np.float64(14.984869691591314), np.float64(-96.19063050115574)]",-24.251993194856112,-105.45775400442054,-21.116048789175636,-73.72038923490261,939.2,817.7551784485986
Сахалинская область,2023,139010.0,111336.0,"[np.float64(-0.2857142857142829), np.float64(-0.8246753246755816), np.float64(66.24051069703114), np.float64(7.924264249207397), np.float64(-20.489872249280808), np.float64(-40.06080871694917), np.float64(-28.929847278770524), np.float64(24.485549813325946), np.float64(-110.45994195784124)]",-16.42614290915182,-102.40053505366711,-14.753667195832275,-73.66415009975334,939.2,843.5726090393044
Свердловская область,2022,1212172.0,981035.0,"[np.float64(1.148553998801674), np.float64(-33.18788075918218), np.float64(-183.39438096932759), np.float64(30.947698882107034), np.float64(8.13934106275201), np.float64(166.3634537237906), np.float64(-120.82118254175134), np.float64(107.21174238260733), np.float64(149.9035498180997)]",-130.8043966028098,126.31089559789723,-13.333305804870346,10.420212279931992,3922.8,399.86340956234994
Свердловская область,2023,1200558.0,970062.0,"[np.float64(5.143252168025015), np.float64(-27.84245570813198), np.float64(-201.22638227034236), np.float64(21.52608265154413), np.float64(44.23074124824166), np.float64(192.19692250922685), np.float64(-104.89596857855008), np.float64(111.0175224450511), np.float64(163.92462948372622)]",-70.86780797998676,204.07434394879056,-7.3054926365517625,16.998291123693363,3922.8,404.3865237479667
Смоленская область,2022,254292.0,199375.0,"[np.float64(2.5642857142859725), np.float64(-22.7166666666663), np.float64(3.2523809523809746), np.float64(25.46201447883601), np.float64(-71.1877476780196), np.float64(-40.85745546976415), np.float64(115.79326419763112), np.float64(-98.37463830392994), np.float64(-95.0000490847483)]",12.310075528684024,-181.06461185999422,6.174332553571924,-71.2034243546766,736.3999999999999,369.35423197492156
Смоленская область,2023,248044.0,194760.0,"[np.float64(1.8571428571429465), np.float64(-24.749999999999602), np.float64(3.5950000000000273), np.float64(27.694897659912357), np.float64(-78.63330688854637), np.float64(-44.57213133552307), np.float64(130.89751279585352), np.float64(-112.6946894885757), np.float64(-107.48189850654398)]",16.089115088839804,-204.08747290627988,8.26099562992391,-82.27873800869196,736.3999999999999,378.1063873485315
Ставропольский край,2022,859375.0,696796.0,"[np.float64(0.17460317460296437), np.float64(-10.34336007130105), np.float64(68.19241758241913), np.float64(85.40592843589161), np.float64(56.88300397278141), np.float64(120.60809032068323), np.float64(-151.45728420751334), np.float64(-25.792976254121413), np.float64(-428.5864107108712)]",169.46339920756395,-284.91598775742864,24.320374859724215,-33.15386039359169,1306.4,187.48672495249687
Ставропольский край,2023,853805.0,692364.0,"[np.float64(1.4642857142855803), np.float64(-5.975222816399082), np.float64(74.52939560439722), np.float64(101.87484025868844), np.float64(68.41754487085723), np.float64(131.93114377273974), np.float64(-164.29538878859069), np.float64(-20.466418228699922), np.float64(-479.80943587821525)]",207.94659861597847,-292.3292554909367,30.0342881224296,-34.23840988175716,1306.4,188.68687568966612
Тамбовская область,2022,280469.0,214779.0,"[np.float64(3.866666666666646), np.float64(13.080963480963419), np.float64(83.08093355919209), np.float64(74.87247474747267), np.float64(56.47223188600742), np.float64(-95.41458339009307), np.float64(-12.21204699548582), np.float64(-109.285197681373), np.float64(172.9971277194519)]",123.74663995472335,187.45856999280224,57.61580040633552,66.83753640965749,256.40000000000003,119.37852397115175
Тамбовская область,2023,274107.0,210199.0,"[np.float64(3.289285714285711), np.float64(13.4247086247085), np.float64(96.27389422171927), np.float64(82.54076479076355), np.float64(69.25310776324238), np.float64(-106.68657018151077), np.float64(-14.051019310054699), np.float64(-122.556856493738), np.float64(180.43431788869407)]",144.04417162315394,201.92163301811001,68.52752469000991,73.66525955853372,256.40000000000003,121.97964785750648
Тверская область,2022,346012.0,271924.0,"[np.float64(-8.58812324929977), np.float64(-11.519999999999527), np.float64(7.4342417471269755), np.float64(17.25872870248898), np.float64(8.376297030438877), np.float64(12.27856938274141), np.float64(-25.57666406499004), np.float64(-29.030759149891082), np.float64(57.86956427237726)]",-0.3369504514930952,28.501854670993083,-0.12391346534071844,8.237244566949437,1020.2,375.17835865903714
Тверская область,2023,341053.0,268435.0,"[np.float64(-10.550700280112324), np.float64(-15.153333333333649), np.float64(11.643413514667714), np.float64(27.14604074824294), np.float64(1.4645052489525483), np.float64(18.506766336075827), np.float64(-17.735691214707003), np.float64(-32.39168172848372), np.float64(86.28259204240044)]",15.321001019786053,69.21191133370277,5.70752734173489,20.293594055382233,1020.2,380.0547618604131
Томская область,2022,312791.0,255875.0,"[np.float64(14.270687645687758), np.float64(-3.238074425574837), np.float64(56.05619475280025), np.float64(-62.25302086649697), np.float64(147.7042235610678), np.float64(-15.668286497634085), np.float64(15.297767883291954), np.float64(55.52269710210669), np.float64(72.96158616060268)]",152.16949205314188,280.65377531585125,59.47024603933244,89.72565557060506,554.1999999999999,216.59013190034193
Томская область,2023,307761.0,251389.0,"[np.float64(15.272581585081639), np.float64(0.9659715284716412), np.float64(70.15348442799723), np.float64(-69.03001340955814), np.float64(167.8407030856717), np.float64(-20.957538796002382), np.float64(14.436306611247062), np.float64(67.23951782958699), np.float64(77.30981422699631)]",178.68149503290874,323.23082708949204,71.07769036549283,105.0265716219703,554.1999999999999,220.45515118004366
Тульская область,2022,426022.0,333009.0,"[np.float64(5.503267973856424), np.float64(-33.69578947368399), np.float64(7.03960553868194), np.float64(-39.776228336775205), np.float64(200.9733191768603), np.float64(124.17033027870741), np.float64(45.078536745338965), np.float64(31.467983008161923), np.float64(-80.29272818618324)]",309.2930419029858,260.4682967249645,92.87828314039135,61.13963521249243,1013.2,304.2560411280176
Тульская область,2023,419856.0,327029.0,"[np.float64(6.635032679738487), np.float64(-32.041403508771594), np.float64(10.885434077232134), np.float64(-46.57454181705964), np.float64(224.32662355111972), np.float64(145.43077734027509), np.float64(39.07812625813267), np.float64(37.68633708002858), np.float64(-87.1355461188864)]",347.7400485806669,298.2908395418091,106.33309234981206,71.04598708647943,1013.2,309.8196184436243
Тюменская область без АО,2022,445423.0,362576.0,"[np.float64(8.631354026090904), np.float64(-17.258566318143494), np.float64(-39.107429153655175), np.float64(-6.341974062274176), np.float64(42.56920907221303), np.float64(145.2611157256042), np.float64(-2.8509577217037076), np.float64(-47.273438475400326), np.float64(-165.5060828211641)]",130.90275156813158,-81.87676972843286,36.103534588095066,-18.381801058417025,1886.4,520.2771281055558
Тюменская область без АО,2023,443206.0,361690.0,"[np.float64(8.857103013945107), np.float64(-20.72699838412609), np.float64(-42.88214470539975), np.float64(1.5792815513366918), np.float64(60.46206799557717), np.float64(160.96215013069195), np.float64(10.324553872980687), np.float64(-57.78101556028389), np.float64(-189.82592584087888)]",178.57601347500577,-69.030927926157,49.372670926762076,-15.575359522695315,1886.4,521.5516049655782
Удмуртская Республика,2022,403624.0,323929.0,"[np.float64(-33.395949671925905), np.float64(17.527898550725013), np.float64(7.510432760584976), np.float64(70.6694560099786), np.float64(-39.18936445197335), np.float64(-7.574346085967534), np.float64(-96.49390350710678), np.float64(-89.34018263451833), np.float64(-118.32900969384559)]",-80.94577639568497,-288.6149687240489,-24.988740247302644,-71.50589873844193,313.9999999999999,96.93482213694972
Удмуртская Республика,2023,399916.0,322173.0,"[np.float64(-37.54788496440051), np.float64(23.402898550725467), np.float64(8.438326210207023), np.float64(84.07146188253023), np.float64(-38.363410502541115), np.float64(10.346944680744627), np.float64(-97.89783445478054), np.float64(-89.12060726157813), np.float64(-138.0534119476024)]",-47.54949859751481,-274.7235178066953,-14.758995507852866,-68.69530546582166,313.9999999999999,97.46316420060026
Ульяновская область,2022,335121.0,260618.0,"[np.float64(12.666666666666742), np.float64(10.60951945080069), np.float64(26.3858276348233), np.float64(86.12555061959216), np.float64(54.06422259348108), np.float64(-7.407500232423104), np.float64(118.06656073120757), np.float64(-104.96274652137527), np.float64(183.2547174242336)]",300.51084746414847,378.8028183670068,115.30701926350001,113.0346407318571,688.5999999999999,264.21812768112716
Ульяновская область,2023,328919.0,257077.0,"[np.float64(13.440000000000055), np.float64(11.81220366132709), np.float64(28.954619519647736), np.float64(103.01299957134898), np.float64(69.1964202083609), np.float64(1.1300473979653702), np.float64(144.08536287211427), np.float64(-111.77471805330788), np.float64(194.31833206302406)]",371.6316532307644,454.1752672404806,144.56044423684904,138.08118936287676,688.5999999999999,267.8574901683153
Хабаровский край,2022,391705.0,320527.0,"[np.float64(-8.988131313131277), np.float64(36.12135981665378), np.float64(12.767257757676589), np.float64(-39.34503541274199), np.float64(86.15941364605305), np.float64(52.646773103100486), np.float64(55.39840952896009), np.float64(71.16557010933161), np.float64(-106.16024709609201)]",194.76004712657073,159.76537013981033,60.76244657285368,40.787166398133884,2062.2,643.3779369600688
Хабаровский край,2023,387256.0,316396.0,"[np.float64(-9.99005050505042), np.float64(36.74389228418639), np.float64(14.996576134202826), np.float64(-41.85138363126282), np.float64(106.402665093839), np.float64(70.90412527134896), np.float64(62.702130939600124), np.float64(75.81255800634051), np.float64(-128.1903885523834)]",239.90795558686406,187.5301250408212,75.82521763450362,48.42536333609323,2062.2,651.7781514304858
Ханты-Мансийский АО,2022,534559.0,431322.0,"[np.float64(27.05606060606067), np.float64(23.21833036244618), np.float64(-18.64806521739132), np.float64(137.0456646287281), np.float64(132.6966721899987), np.float64(78.86877859009559), np.float64(132.61523809523482), np.float64(156.4392101158449), np.float64(88.53418455051406)]",512.8526792551727,757.8260739215316,118.90250885769163,141.76659151216828,868.8,201.42723997384786
Ханты-Мансийский АО,2023,534950.0,431346.0,"[np.float64(31.56666666666706), np.float64(29.549138443254037), np.float64(-22.269260869565187), np.float64(157.50738263317078), np.float64(167.49963407897997), np.float64(83.04332310857825), np.float64(149.17999999999677), np.float64(175.34329381682738), np.float64(105.281586780829)]",596.0768840610817,876.701764658738,138.18996445106288,163.88480505818077,868.8,201.41603260491578
Челябинская область,2022,962328.0,775939.0,"[np.float64(24.96172114389526), np.float64(35.47693129883555), np.float64(-39.60257801681041), np.float64(-73.62119877826433), np.float64(96.2076653162145), np.float64(252.9877401980391), np.float64(153.01942158787074), np.float64(-133.73259897867683), np.float64(224.99187463875796)]",449.4297027497804,540.6889784098615,57.92075185675425,56.185518701509416,2541.7999999999997,327.57729666893914
Челябинская область,2023,954309.0,769660.0,"[np.float64(28.95302665993694), np.float64(40.30004865103837), np.float64(-29.748443502885834), np.float64(-74.86629984867261), np.float64(145.23026587935215), np.float64(266.76707650711444), np.float64(196.56019383889748), np.float64(-151.99027935739218), np.float64(275.4343607726946)]",573.1958681847809,696.6399496000834,74.4739064242368,72.99941105030796,2541.7999999999997,330.249720655874
Чеченская Республика,2022,455527.0,393611.0,"[np.float64(-10.158585858585866), np.float64(27.549999999999272), np.float64(40.9360269360277), np.float64(64.69523528834043), np.float64(59.167937407522004), np.float64(-8.550053667262773), np.float64(52.910225535375275), np.float64(9.58966486498474), np.float64(-34.891553286216606)]",226.55078564141604,201.24889722018418,57.557026008271116,44.179356486044554,-885.5999999999999,-224.99371206597374
Чеченская Республика,2023,461576.0,399639.0,"[np.float64(-12.646464646464665), np.float64(33.15982142856956), np.float64(52.837373737375174), np.float64(82.0750171922582), np.float64(67.25612524079725), np.float64(0.4118067978511135), np.float64(59.390178550688915), np.float64(13.442339886831519), np.float64(-35.279190930499226)]",282.48385830107554,260.64700725740784,70.68475756897489,56.4689254331698,-885.5999999999999,-221.5999939945801
Чувашская Республика,2022,334430.0,258219.0,"[np.float64(-20.846251526250853), np.float64(10.67316017316), np.float64(-0.4235558816330922), np.float64(24.171179573219206), np.float64(-129.63612773237355), np.float64(3.59375141350597), np.float64(93.34477215944253), np.float64(106.64643845032225), np.float64(113.01950609813593)]",-19.123071820929795,200.5428727275284,-7.405757059290677,59.96557507625763,185.60000000000002,71.87697264724905
Чувашская Республика,2023,328223.0,253848.0,"[np.float64(-18.805909645909196), np.float64(9.883982683982708), np.float64(3.9237662020054813), np.float64(29.32822233618765), np.float64(-151.8460581779832), np.float64(9.296253046239372), np.float64(111.32011200952974), np.float64(113.6445817222554), np.float64(109.6451081841576)]",-6.899631545947443,216.39005836046556,-2.7180169022200067,65.92775593436949,185.60000000000002,73.11461977246228
Чукотский АО,2022,16398.0,13069.0,"[np.float64(-1.8000000000000682), np.float64(7.0), np.float64(4.075714285714412), np.float64(-27.04272727272712), np.float64(42.96111111111077), np.float64(-22.080952380952567), np.float64(-16.466666666666697), np.float64(15.267494785915972), np.float64(-2.616641711229967)]",-13.353520923521273,-0.7026678488352687,-102.17706728534145,-4.28508262492541,69.4,531.02762261841
Чукотский АО,2023,16096.0,12838.0,"[np.float64(-2.1000000000000227), np.float64(7.0), np.float64(5.411428571428701), np.float64(-30.45805194805132), np.float64(53.022222222221444), np.float64(-25.653571428571695), np.float64(-18.279999999999745), np.float64(16.80193841246478), np.float64(-2.614074866310183)]",-11.057972582972639,3.129890963181957,-86.13469841854368,19.445147634082733,69.4,540.5826452718493
Ямало-Hенецкий АО,2022,167641.0,134869.0,"[np.float64(-6.85396825396856), np.float64(15.526785714285666), np.float64(-83.81196581196491), np.float64(-13.352709677419242), np.float64(28.25030254298406), np.float64(75.33550993808967), np.float64(-123.32571291315821), np.float64(-72.92324261636969), np.float64(-60.837307363849845)]",-108.23175846115153,-241.99230844137105,-80.24954471461308,-144.35150615981237,386.2,286.3519415136169
Ямало-Hенецкий АО,2023,165779.0,133165.0,"[np.float64(-8.231746031746297), np.float64(17.44940476190459), np.float64(-90.9025641025637), np.float64(-14.112387096774327), np.float64(34.72878463000404), np.float64(84.31604338313991), np.float64(-141.99622015766897), np.float64(-78.91326957865294), np.float64(-65.8457015930835)]",-118.74868461370475,-263.5076557854412,-89.17409575617073,-158.95116738877735,386.2,290.0161453835467
Ярославская область,2022,335297.0,265549.0,"[np.float64(-4.988888888888965), np.float64(64.59944055944288), np.float64(-12.903220338983203), np.float64(136.60594882729288), np.float64(84.44865069358752), np.float64(-22.65506219606516), np.float64(194.26017710575104), np.float64(52.80133590614918), np.float64(102.93475581489815)]",439.36704576213697,595.1031374831844,165.45611008218333,177.4853749014111,779.9999999999999,293.73110047486523
Ярославская область,2023,331500.0,262200.0,"[np.float64(-4.738888888888923), np.float64(78.35286713287132), np.float64(-8.07900726392262), np.float64(159.15008528784438), np.float64(98.32245487822729), np.float64(-19.521851511401564), np.float64(217.45889245587784), np.float64(71.9030996871316), np.float64(120.7088402971533)]",520.9445520906077,713.5564920748925,198.68213275766882,215.2508271719133,779.9999999999999,297.4828375286041
