,year,Region,reg_inc,other_transfers,share_of_total,share_of_income,population,urban_share,disability_per10k,uneployment,median_income,consumption,av_income,share_poverty,% Russians,% Slavs
0,2019,Алтайский край,126456.64,14280.159,1.815500117201814,11.292533946813705,2250100.0,0.5722412337229457,66.0,5.8,18932.4,18389.0,23993.0,17.6,95.45,96.08
1,2019,Амурская область,83459.18000000001,5009.3025,0.6368549030756127,6.002098870369921,786600.0,0.6767098906687007,46.9,5.4,25435.7,26407.0,33304.0,15.7,95.17,95.95
2,2019,Архангельская область,107888.59,12450.7983,1.5829253562867291,11.540421744319767,1071600.0,0.7718365061590147,72.6,6.3,27990.9,29219.0,35724.0,13.6,96.23,97.06
3,2019,Астраханская область,59107.95,7686.2835,0.9771914020772715,13.00380659454439,991100.0,0.6532136010493391,46.3,7.6,20134.4,21558.0,24971.0,15.5,67.1,67.57
4,2019,Белгородская область,123221.52,7494.7127,0.9528361543624216,6.082308268880306,1550900.0,0.6568444129215294,53.5,3.9,25110.3,26119.0,32398.0,7.8,95.29,96.57
5,2019,Брянская область,74255.39,6288.8611,0.7995308780606664,8.469231795833272,1197100.0,0.6968507225795674,76.1,3.8,22422.6,24520.0,28422.0,13.8,95.87,96.56
6,2019,Владимирская область,78339.0,7306.0467,0.9288502067891489,9.326193466855589,1379400.0,0.7785268957517761,64.1,4.0,20985.3,20938.0,25391.0,12.6,95.76,96.22
7,2019,Волгоградская область,131317.24,20827.3009,2.647867381935134,15.86029442897216,2538700.0,0.7700397841414899,57.2,5.3,19787.3,21003.0,24160.0,12.9,92.52,92.97
8,2019,Вологодская область,105341.34,10584.9206,1.3457080267714032,10.048211461900902,1166900.0,0.7238837946696375,53.3,4.5,23026.0,21104.0,28418.0,12.9,96.71,97.17
9,2019,Воронежская область,142042.4,9671.201,1.2295427907337935,6.8086719176809165,2338600.0,0.6810057299238861,69.0,3.6,24566.0,27904.0,32022.0,8.9,95.64,96.31
10,2019,Еврейская АО,14999.65,1276.7517,0.16231912130583523,8.511876610454244,156700.0,0.7077217613273773,75.5,6.2,21995.3,20939.0,26602.0,23.9,95.67,96.72
11,2019,Забайкальский край,89703.70999999999,13156.2068,1.6726070758267677,14.666290613844177,1035099.9999999999,0.684571538981741,55.3,9.3,20647.2,19532.0,25750.0,21.5,89.22,89.47
12,2019,Ивановская область,51289.340000000004,6845.3668,0.8702819224694491,13.346568312245779,965300.0,0.8163265306122449,77.9,3.8,20764.9,20617.0,25794.0,14.2,95.98,96.39
13,2019,Иркутская область,227155.6,17674.9092,2.2470898065022538,7.78097004872431,2402400.0,0.7811771561771562,65.6,6.6,21113.9,19652.0,26355.0,17.9,92.21,92.78
14,2019,Кабардино-Балкария,41206.64,3761.5607,0.47822393936312174,9.128530498968129,892100.0,0.5237081044725928,43.9,10.7,17783.0,17746.0,21475.0,24.2,19.84,20.03
15,2019,Калининградская область,131473.95,7115.2908,0.90459856093514,5.411939627584019,1004500.0,0.7690393230462916,42.3,4.4,23497.0,23929.0,29098.0,13.5,91.3,93.99
16,2019,Калужская область,84430.67,3089.4011,0.39276930033716095,3.6590981689473745,1053400.0,0.7544142775773683,71.2,3.7,25225.1,25083.0,31417.0,10.2,90.35,91.44
17,2019,Камчатский край,92765.85,4880.6075,0.620493335421969,5.261211426403143,299900.0,0.7782594198066023,40.6,3.8,41713.2,35460.0,52674.0,14.9,88.3,90.01
18,2019,Карачаево-Черкесия,30341.739999999998,2295.6815,0.2918601979367341,7.5660838831260175,469900.0,0.4166844009363695,61.4,11.7,15605.0,11988.0,18977.0,23.3,27.55,27.75
19,2019,Кемеровская область,194173.4,18881.341,2.4004688462101447,9.723958585470513,2665300.0,0.8635425655648519,48.8,5.5,20302.4,18888.0,24890.0,13.6,95.28,95.66
20,2019,Кировская область,72111.44,9700.8464,1.2333117422681914,13.452576179313574,1209600.0,0.7680224867724869,78.6,4.8,19571.8,19417.0,23684.0,14.6,92.78,93.14
21,2019,Костромская область,41926.13,14653.915,1.8630173795659712,34.95174727550576,605700.0,0.7264322271751692,55.9,4.1,20975.8,20835.0,25318.0,12.6,96.11,96.71
22,2019,Краснодарский край,366573.11,22228.5248,2.826011207551921,6.063872170001776,5753799.999999999,0.5596822969168203,65.6,4.8,27723.6,33888.0,36604.0,10.4,92.34,92.98
23,2019,Красноярский край,327846.28,21449.1653,2.7269277685235216,6.542445837726143,2879200.0,0.7876146151708808,57.8,4.5,24536.0,25103.0,31755.0,17.3,93.64,94.21
24,2019,Курганская область,54445.59,8907.5005,1.1324501500105997,16.36037096852105,810500.0,0.6313386798272671,74.2,7.8,17345.5,17075.0,21304.0,19.6,93.4,93.88
25,2019,Курская область,76576.02,6123.610900000001,0.7785218852709066,7.9967735330198675,1103200.0,0.6795685279187818,79.1,4.0,23265.0,23024.0,29149.0,9.9,95.93,96.62
26,2019,Ленинградская область,176311.06,2402.7639,0.3054740596416529,1.3627981704607752,1913500.0,0.6379932061667102,39.9,3.9,26163.6,25900.0,32371.0,8.8,93.73,94.89
27,2019,Липецкая область,75943.2,8552.3569,1.0872991648273485,11.261517686902845,1162000.0,0.6345094664371772,51.2,3.7,25104.3,26914.0,32535.0,8.6,96.68,97.14
28,2019,Магаданская область,43496.56,1775.0164,0.22566572838825824,4.080820184400789,139900.0,0.9628305932809148,56.8,4.6,50666.4,36880.0,65367.0,9.3,87.71,90.68
29,2019,Москва,2641504.61,7376.1475,0.9377624332297607,0.27924037959562753,12827700.0,1.0,43.4,1.4,56156.2,58945.0,75891.0,6.4,90.21,90.97
30,2019,Московская область,739341.86,7880.642900000001,1.0019011769109603,1.0658997314178857,8233200.000000001,0.7921099936841082,46.0,2.7,36508.2,38285.0,47513.0,7.3,92.14,93.07
31,2019,Мурманская область,101783.91,10428.8078,1.3258607122774468,10.246027883974982,704000.0,0.9296875,41.8,5.4,36499.2,32534.0,44261.0,10.6,89.93,93.05
32,2019,Ненецкий АО,0.0,455.6449,0.057928162379173004,inf,41600.0,0.7283653846153846,-77777777.0,7.9,58224.4,31772.0,81041.0,9.4,69.57,71.29
33,2019,Нижегородская область,214459.88999999998,18349.5892,2.332864875188374,8.556186986760087,3189100.0,0.7957103885108652,67.5,4.1,26068.0,27804.0,33874.0,9.5,95.21,95.52
34,2019,Новгородская область,42453.2,7643.9209,0.9718056563537839,18.005523494106455,597000.0,0.7217755443886097,50.3,3.6,21575.6,23366.0,26193.0,13.8,95.43,96.29
35,2019,Новосибирская область,196660.6,15528.1322,1.974160499825335,7.895904009242319,2805800.0,0.7935348207284909,62.2,6.1,24064.4,23973.0,30566.0,13.9,94.15,94.63
36,2019,Омская область,111954.55,27873.924899999998,3.5437360272266267,24.89753645564204,1923600.0,0.7314930338947806,59.7,6.4,21119.9,22682.0,26970.0,13.9,88.71,89.94
37,2019,Оренбургская область,118742.09,14197.2215,1.8049559040056986,11.956351366225743,1909900.0,0.5938007225509189,63.9,4.4,19343.7,19891.0,24497.0,14.3,79.29,80.37
38,2019,Орловская область,41378.38,4521.381,0.5748232730051572,10.926916423504258,736500.0,0.6678886625933469,45.9,5.3,20991.4,21415.0,26184.0,13.6,95.34,95.93
39,2019,Пензенская область,67584.47,17164.745,2.1822303630680335,25.39746927067712,1308100.0,0.6836633284917055,69.8,4.3,18782.5,19504.0,22990.0,13.6,87.57,87.92
40,2019,Пермский край,183945.16999999998,11728.6176,1.4911113123751112,6.376148718664372,2589200.0,0.7581878572532056,56.7,5.2,23327.7,25396.0,30618.0,13.8,89.41,89.77
41,2019,Приморский край,162901.1,10885.8822,1.3839706133485725,6.682509940080209,1886300.0,0.7800455918994859,45.3,5.2,28691.0,30410.0,36884.0,13.5,94.42,95.29
42,2019,Псковская область,41049.07,7564.4499000000005,0.9617021547181127,18.427822847143677,617500.0,0.7070445344129554,68.0,5.1,20791.3,21786.0,25525.0,16.2,95.78,96.97
43,2019,Республика Адыгея,28275.980000000003,2813.154,0.35764877804979284,9.948917774025869,476600.0,0.49937054133445236,51.5,8.2,22010.0,23903.0,29139.0,12.6,64.43,65.18
44,2019,Республика Алтай,25098.05,3346.0567,0.4253990681065886,13.331938935494989,210900.0,0.3053579895685159,47.7,11.0,16158.8,14948.0,20256.0,24.3,53.7,53.98
45,2019,Республика Башкортостан,239425.33000000002,19818.4594,2.5196088757456683,8.277511573232456,4118000.0,0.6161000485672656,56.3,4.4,23018.4,26459.0,30603.0,12.1,37.49,37.96
46,2019,Республика Бурятия,80093.44,6671.1111,0.8481280204174422,8.329160415634538,979500.0,0.5919346605410923,69.4,9.2,20105.3,22014.0,25302.0,20.1,63.95,64.22
47,2019,Республика Дагестан,134787.22,10854.5018,1.3799810835486708,8.053064526443976,3113000.0,0.4527465467394796,46.3,13.0,21055.0,23748.0,27410.0,14.6,3.26,3.28
48,2019,Республика Ингушетия,26715.73,2095.7108,0.266437033580726,7.844482632516499,488200.0,0.5153625563293732,56.9,26.4,13838.2,9787.0,16614.0,30.5,0.67,0.68
49,2019,Республика Калмыкия,18113.96,3194.9642000000003,0.4061900066767884,17.63813213676082,271700.0,0.45822598454177405,61.7,9.2,15359.9,11296.0,18508.0,23.5,25.71,26.01
50,2019,Республика Карелия,58543.54,14690.9504,1.8677258546635254,25.094058883354165,559400.0,0.7904898105112621,77.2,7.4,25476.4,25738.0,30854.0,15.7,86.4,89.57
51,2019,Республика Коми,99128.47,5508.2977,0.7002943818715521,5.5567262361660585,779100.0,0.7761519702220511,54.6,6.8,27813.1,24712.0,35428.0,15.5,69.69,72.08
52,2019,Республика Марий Эл,36792.479999999996,7277.3026,0.9251958415318109,19.779320665527305,683900.0,0.6702734317882731,54.7,4.6,16728.1,15994.0,20877.0,20.1,52.51,52.82
53,2019,Республика Мордовия,46741.31,7451.7481,0.9473738737018539,15.94253156362113,803300.0,0.6297771691771443,56.2,4.2,16192.1,15026.0,19748.0,18.0,54.09,54.32
54,2019,Якутия,249010.52,12869.636199999999,1.6361740810760375,5.168310238459002,971400.0,0.6594605723697756,51.5,6.9,34353.2,34835.0,45528.0,17.8,32.63,33.58
55,2019,Северная Осетия,38512.77,3803.6482,0.4835747104002462,9.876329851111723,697800.0,0.6358555460017197,57.6,12.1,19632.9,19242.0,24522.0,13.8,18.91,19.08
56,2019,Республика Татарстан,337044.28,11526.3074,1.4653907169804015,3.4198199120898884,3981900.0,0.7683769054973756,53.1,3.3,27304.6,30133.0,35733.0,6.9,40.34,40.64
57,2019,Республика Тыва,33703.58,3475.683,0.44187903607070145,10.312503894245062,326900.0,0.5451208320587335,59.1,12.3,13655.0,11058.0,16618.0,34.1,10.12,10.16
58,2019,Республика Хакасия,37092.83,3747.7676,0.47647036122252984,10.10375212675873,539700.0,0.6850101908467666,47.7,6.0,18760.1,20455.0,22691.0,19.0,82.14,82.68
59,2019,Ростовская область,221356.14,20317.6105,2.5830681748018915,9.178697505296215,4230600.0,0.6802581194156857,47.6,4.8,23488.6,26881.0,30866.0,13.3,91.69,92.47
60,2019,Рязанская область,71127.36,9508.9984,1.2089212528846396,13.368974189397722,1123800.0,0.7157857269976864,68.8,3.9,21490.9,21193.0,26886.0,12.7,94.57,95.08
61,2019,Самарская область,213871.86,11864.2515,1.5083550532428802,5.547364435882309,3206800.0,0.7978982162903828,46.1,3.9,23089.6,25127.0,29422.0,12.9,89.61,90.2
62,2019,Санкт-Петербург,649006.05,3288.874,0.4181291771654642,0.5067555225409686,5546400.0,1.0,41.2,1.4,35803.9,39276.0,47472.0,6.4,90.63,91.58
63,2019,Саратовская область,121262.02,14639.4824,1.8611824989465378,12.072603111839966,2490800.0,0.7656174722980568,49.2,4.3,18189.2,18517.0,22760.0,15.5,89.7,90.38
64,2019,Сахалинская область,205332.25,1617.2005,0.20560189121765607,0.7876018014705435,476200.0,0.8206635867282654,42.8,5.2,43604.5,45884.0,59016.0,8.2,91.2,92.24
65,2019,Свердловская область,313423.48,10892.9334,1.3848670637610936,3.475468206785273,4315200.0,0.8538422321097516,60.1,4.2,29510.8,33459.0,39095.0,8.9,92.32,92.77
66,2019,Смоленская область,53997.72,8397.394699999999,1.067598131228083,15.551387540066505,925700.0,0.7231284433401749,61.7,5.2,21538.5,22125.0,27485.0,16.3,94.71,96.01
67,2019,Ставропольский край,138817.83000000002,11208.8831,1.4250351541429915,8.074526953778198,2884900.0,0.5956878921279767,41.1,4.8,19312.7,22867.0,24393.0,14.0,82.9,83.34
68,2019,Тамбовская область,54575.51,9230.7528,1.173546652404989,16.91372705449752,1015300.0,0.6006106569486851,68.6,3.9,22403.5,23179.0,28154.0,10.7,95.61,95.97
69,2019,Тверская область,80161.79,10288.5804,1.3080329793274912,12.83476878447949,1266600.0,0.7600663192799622,58.1,4.0,22438.2,21611.0,27212.0,11.7,94.16,94.91
70,2019,Томская область,79919.24,11816.1713,1.5022424036053597,14.785139723550925,1073400.0,0.7192099869573317,41.2,5.5,22824.9,22082.0,28381.0,14.8,93.38,94.04
71,2019,Тульская область,100697.62,7644.8724,0.9719266247800821,7.591909719415415,1525800.0,0.7497706121378949,61.2,3.8,23397.8,23946.0,28561.0,10.3,94.1,94.62
72,2019,Тюменская область,241192.45,3551.4442000000004,0.4515108943349792,1.4724524751914914,3738500.0,0.8029423565601177,39.6,3.0,35392.9,34063.0,48933.0,11.9,76.41,79.08
73,2019,Удмуртская Республика,94416.37,14294.1376,1.81727727878232,15.139469564440997,1481300.0,0.654965233241072,49.1,4.3,20408.7,19731.0,25066.0,12.4,67.71,68.09
74,2019,Ульяновская область,69374.18,6507.3583,0.827309398748585,9.380086798863786,1229400.0,0.7587441028143809,57.6,3.8,19258.1,19221.0,23710.0,15.5,77.49,77.96
75,2019,Хабаровский край,132729.46,8896.830800000002,1.1310936636016944,6.702981237172216,1316700.0,0.8311688311688312,42.2,3.8,32407.9,35214.0,41460.0,12.2,92.86,93.61
76,2019,Ханты-Мансийский АО,0.0,5100.696400000001,0.6484742160091405,inf,1672300.0,0.9195120492734558,36.6,2.5,40746.5,35017.0,53493.0,8.9,70.3,74.08
77,2019,Челябинская область,215264.29,20107.9566,2.5564139421689203,9.341055406821077,3477900.0,0.8268782886224446,57.2,5.1,20815.1,19508.0,25432.0,12.8,86.34,87.08
78,2019,Чеченская Республика,97634.93,7100.490400000001,0.9027169202661087,7.272489876317831,1456400.0,0.3721505081021697,80.0,13.5,19090.6,16838.0,24153.0,20.7,1.21,1.22
79,2019,Чувашская Республика,66684.9,7020.917,0.8926004000630671,10.528495956355938,1212500.0,0.6287835051546392,55.5,4.7,16659.9,16463.0,20162.0,17.4,30.7,30.96
80,2019,Чукотский АО,56648.86,16861.5642,2.143685639726134,29.76505476014875,48100.0,0.683991683991684,50.5,3.8,62682.5,31846.0,83385.0,8.5,54.21,57.81
81,2019,Ямало-Hенецкий АО,0.0,704.311,0.0895421894844817,inf,510600.0,0.8470426948687818,26.5,1.9,60280.4,36906.0,84273.0,5.5,62.89,67.99
82,2019,Ярославская область,82011.39,8592.3613,1.092385102097976,10.477034104653026,1243800.0,0.8148416144074611,45.8,5.4,23190.2,23029.0,28667.0,10.3,96.52,97.04
83,2020,Алтайский край,154273.08,13368.295,1.912966294738179,8.665345243641989,2224100.0,0.5756036149453712,54.0,5.9,19167.6,17726.0,23917.0,17.5,95.45,96.08
84,2020,Амурская область,105151.34,9539.4492,1.3650689777542375,9.072113774299025,782700.0,0.6788041395170562,41.5,6.0,27400.4,27306.0,35508.0,15.2,95.17,95.95
85,2020,Архангельская область,113301.39,7854.4694,1.1239529966426092,6.932368084804608,1055500.0,0.7726196115585031,63.4,7.4,29407.4,28936.0,36785.0,12.8,96.23,97.06
86,2020,Астраханская область,64462.64,4646.0352,0.6648348754846564,7.207330013167318,979900.0,0.6506786406776202,39.8,7.9,20511.9,20617.0,25206.0,15.6,67.1,67.57
87,2020,Белгородская область,133464.02,7343.4778,1.0508315022639816,5.502215353621148,1553000.0,0.6551191242755956,52.1,4.9,25874.7,26516.0,32884.0,7.2,95.29,96.57
88,2020,Брянская область,85935.0,22793.9184,3.261747113166817,26.524603944842028,1189200.0,0.6957618567103935,66.2,4.0,22919.0,23805.0,28636.0,13.6,95.87,96.56
89,2020,Владимирская область,90131.84,6661.567400000001,0.9532519970816506,7.3909146867522075,1373700.0,0.7778991046079929,55.8,5.6,21662.8,20687.0,25955.0,12.5,95.76,96.22
90,2020,Волгоградская область,152467.75,12815.8114,1.8339074091289365,8.40558832933522,2526200.0,0.7715541128968412,45.8,7.6,20587.6,20509.0,24995.0,11.9,92.52,92.97
91,2020,Вологодская область,114790.71,5802.9785999999995,0.8303902981559687,5.055268496901882,1159600.0,0.7236978268368403,50.0,6.1,24016.0,22025.0,29682.0,12.8,96.71,97.17
92,2020,Воронежская область,168139.48,14243.8436,2.0382548944590257,8.471445016958539,2336300.0,0.6827890253820142,57.3,4.3,24702.8,27134.0,32102.0,8.5,95.64,96.31
93,2020,Еврейская АО,21032.420000000002,1876.6571999999999,0.2685444905560302,8.922687926543878,154700.0,0.7084680025856497,63.4,6.3,23599.8,21084.0,28126.0,23.6,95.67,96.72
94,2020,Забайкальский край,96628.75,13935.684,1.9941581021455708,14.421881686351112,1025099.9999999999,0.6876402302214418,51.3,9.8,22085.8,19465.0,27048.0,20.9,89.22,89.47
95,2020,Ивановская область,66837.97,4843.740400000001,0.6931259465520192,7.2469890991602535,953600.0,0.8175335570469798,69.9,5.4,21397.1,20065.0,26284.0,13.7,95.98,96.39
96,2020,Иркутская область,241413.72,13303.068,1.903632490202381,5.51048548524914,2396400.0,0.779043565348022,57.2,7.7,22244.3,19416.0,27577.0,17.6,92.21,92.78
97,2020,Кабардино-Балкария,55722.57,3873.6947999999998,0.554315085693617,6.951751866434014,897400.0,0.5219523066636951,33.1,14.8,18194.4,17123.0,22016.0,24.2,19.84,20.03
98,2020,Калининградская область,140104.61,6108.1182,0.8740549367646986,4.359683953297468,1015300.0,0.7693292622870088,37.3,5.9,24079.6,22645.0,29621.0,13.5,91.3,93.99
99,2020,Калужская область,93722.44,3816.1862,0.5460857629970741,4.07179561266224,1052200.0,0.752138376734461,59.2,4.7,26281.9,24800.0,32559.0,9.7,90.35,91.44
100,2020,Камчатский край,105740.05,10084.877199999999,1.4431182263836593,9.53742427774528,296400.0,0.7769905533063429,35.7,3.8,43838.6,33733.0,55381.0,14.6,88.3,90.01
101,2020,Карачаево-Черкесия,34587.6,2307.7192,0.33022827872366334,6.67209982768391,470400.0,0.41539115646258506,54.3,14.7,15937.0,11739.0,19101.0,23.2,27.55,27.75
102,2020,Кемеровская область,201174.07,14588.024800000001,2.08750627878908,7.25144388638158,2647700.0,0.864184008762322,47.6,6.7,20988.6,18800.0,25441.0,13.2,95.28,95.66
103,2020,Кировская область,82180.07,6884.77,0.9851916760532717,8.377663830171961,1192500.0,0.7719916142557652,72.4,5.4,20280.6,19247.0,24292.0,14.0,92.78,93.14
104,2020,Костромская область,46991.520000000004,6855.127,0.9809498441760635,14.588008644964026,598000.0,0.7301003344481606,50.4,5.5,21600.3,20717.0,25786.0,12.5,96.11,96.71
105,2020,Краснодарский край,387083.87,21101.4686,3.019562195573634,5.451394448443434,5794100.0,0.5623306466923249,55.6,5.7,28395.3,33042.0,37352.0,10.4,92.34,92.98
106,2020,Красноярский край,337705.51,10709.6302,1.5325186646247784,3.1712927041077887,2872100.0,0.7892482852268375,53.5,6.0,25617.0,24110.0,32872.0,17.0,93.64,94.21
107,2020,Курганская область,60214.14,5243.8607999999995,0.7503820767494122,8.708686697177772,800000.0,0.6335000000000001,69.4,8.2,17922.5,16830.0,21865.0,19.3,93.4,93.88
108,2020,Курская область,83635.05,8874.3442,1.2698942791511743,10.610795593474267,1099600.0,0.6826118588577665,68.4,4.9,23927.4,22625.0,29791.0,9.9,95.93,96.62
109,2020,Ленинградская область,193286.68,2061.3022,0.2949666828768857,1.0664481380713873,1950900.0,0.6621559280332154,34.2,5.3,26963.7,26993.0,33235.0,8.7,93.73,94.89
110,2020,Липецкая область,85868.97,8962.635,1.282528450115794,10.437571336886888,1159700.0,0.6340432870569974,51.3,4.3,25519.4,26136.0,32534.0,8.4,96.68,97.14
111,2020,Магаданская область,53118.58,2238.9734,0.3203909435732337,4.215047540803989,138600.0,0.9646464646464646,41.8,5.6,54833.9,35757.0,70982.0,8.7,87.71,90.68
112,2020,Москва,2880723.72,6252.1302000000005,0.8946626583954551,0.21703331550309168,12946600.0,1.0,33.8,2.6,58251.2,52527.0,78106.0,6.0,90.21,90.97
113,2020,Московская область,805481.05,9323.0432,1.3341018735738532,1.157450345976482,8372900.0,0.7897980389112493,39.3,3.6,37190.6,37215.0,47301.0,6.8,92.14,93.07
114,2020,Мурманская область,108196.63,5725.757799999999,0.8193402137844974,5.291992735818111,692200.0,0.9300780121352209,37.9,7.7,38659.1,31847.0,46621.0,10.1,89.93,93.05
115,2020,Ненецкий АО,0.0,299.20640000000003,0.04281561398592337,inf,41600.0,0.7331730769230769,-77777777.0,8.8,61686.5,31145.0,84171.0,9.4,69.57,71.29
116,2020,Нижегородская область,250378.74,13566.857,1.941379971532101,5.418533937825552,3174200.0,0.7969252095016067,57.6,4.6,26368.1,26300.0,33814.0,9.4,95.21,95.52
117,2020,Новгородская область,48984.49,2912.8034,0.4168141657106437,5.946378945662188,592800.0,0.7246963562753037,55.7,5.8,22012.1,22809.0,26431.0,13.6,95.43,96.29
118,2020,Новосибирская область,232151.99,11822.0122,1.6916974733564412,5.092358760310433,2812200.0,0.7946447621079582,62.4,6.7,25046.3,23523.0,31606.0,13.8,94.15,94.63
119,2020,Омская область,132540.55,14989.8606,2.145007878014647,11.30964116264796,1903600.0,0.7329796175667157,50.7,8.9,21755.1,22102.0,27377.0,13.6,88.71,89.94
120,2020,Оренбургская область,131218.42,10963.3178,1.5688206633608193,8.355014334115591,1898400.0,0.5959755583649389,58.3,5.9,19847.5,19435.0,24731.0,14.0,79.29,80.37
121,2020,Орловская область,48823.65,4734.164400000001,0.6774459219331557,9.696457352123408,730200.0,0.6677622569159134,42.8,6.1,21853.4,21478.0,26990.0,12.9,95.34,95.93
122,2020,Пензенская область,81382.75,11016.8846,1.5764859253046184,13.537125004991843,1294500.0,0.685747392815759,65.8,5.0,19628.9,19482.0,24135.0,13.0,87.57,87.92
123,2020,Пермский край,189436.51,10040.0132,1.4366983112151854,5.299935688215539,2574700.0,0.758185419660543,52.7,5.7,23591.7,24021.0,30237.0,13.3,89.41,89.77
124,2020,Приморский край,173976.83000000002,18345.0484,2.6251260362327846,10.544535384395726,1877700.0,0.7818607871331948,41.5,5.5,29736.2,27961.0,37349.0,13.0,94.42,95.29
125,2020,Псковская область,48614.38,4117.6723999999995,0.5892276101008891,8.470070789753978,612500.0,0.7069387755102041,59.7,6.5,21526.4,21943.0,26444.0,16.2,95.78,96.97
126,2020,Республика Адыгея,35309.18,2693.108,0.3853763574255167,7.627217624425151,487500.0,0.49948717948717947,37.0,8.5,22950.0,24550.0,30320.0,12.5,64.43,65.18
127,2020,Республика Алтай,29542.61,2566.2954,0.3672298226917967,8.686759226757554,211300.0,0.30809275911026973,46.1,14.0,17253.9,15160.0,21683.0,23.8,53.7,53.98
128,2020,Республика Башкортостан,261542.83,18163.296,2.5991177670265944,6.944673650583348,4112900.0000000005,0.6175691118189112,47.8,5.9,23343.7,25002.0,30409.0,11.6,37.49,37.96
129,2020,Республика Бурятия,94718.68,13743.622,1.9666745574975806,14.509938271943824,982100.0,0.5932186131758477,55.6,10.5,21250.2,22160.0,26222.0,19.9,63.95,64.22
130,2020,Республика Дагестан,181313.01,13190.5574,1.887532532384217,7.275019812422727,3140900.0,0.45321404692922407,39.7,15.7,21581.1,22601.0,27666.0,14.8,3.26,3.28
131,2020,Республика Ингушетия,35791.04,2185.022,0.312670646425846,6.104941348449221,496700.0,0.527481377088786,55.1,29.8,14153.2,9421.0,16877.0,30.0,0.67,0.68
132,2020,Республика Калмыкия,22721.47,1826.8088,0.26141132143860524,8.04001149573509,270200.0,0.4615099925980755,44.7,9.6,16438.8,11501.0,19816.0,22.7,25.71,26.01
133,2020,Республика Карелия,68182.14,9262.0738,1.3253773199033658,13.584310788719744,550700.0,0.7917196295623751,69.9,8.7,26884.7,26350.0,32596.0,15.1,86.4,89.57
134,2020,Республика Коми,102417.11,2467.4593999999997,0.3530866625725188,2.4092257631561753,763400.0,0.7750851454021483,50.9,7.7,28987.4,24259.0,36687.0,15.3,69.69,72.08
135,2020,Республика Марий Эл,47346.31,4884.7046,0.6989878110523846,10.316970002519732,683500.0,0.6747622531089977,45.6,6.8,17251.5,15383.0,21271.0,19.5,52.51,52.82
136,2020,Республика Мордовия,57433.369999999995,5967.183400000001,0.8538875540015515,10.389749722156303,799000.0,0.6321652065081352,45.4,5.3,16858.6,15159.0,20635.0,17.6,54.09,54.32
137,2020,Якутия,275174.12,13518.528,1.9344642243812187,4.912717809363758,976700.0,0.6614108733490325,35.7,7.4,35421.1,32303.0,46344.0,17.3,32.63,33.58
138,2020,Северная Осетия,48855.01,3809.332,0.5451049458040518,7.797218749929638,694900.0,0.63519930925313,50.4,15.4,19592.4,17998.0,23963.0,13.9,18.91,19.08
139,2020,Республика Татарстан,341217.01,13521.0124,1.9348197351971193,3.962584514763786,3996400.0,0.7684415974376939,45.5,3.6,27793.1,28458.0,35694.0,6.6,40.34,40.64
140,2020,Республика Тыва,48260.51,4336.8314,0.6205886610193887,8.986294177164725,330000.0,0.5457575757575758,41.0,18.0,15179.5,10671.0,18975.0,31.7,10.12,10.16
141,2020,Республика Хакасия,43196.34,3958.2293999999997,0.5664117547556906,9.163344394455642,538200.0,0.6850613154960981,41.1,8.7,19967.5,20787.0,23843.0,18.5,82.14,82.68
142,2020,Ростовская область,257191.5,20014.8314,2.8640673970066755,7.782073435552886,4229500.0,0.6805296134294835,44.3,5.0,24322.5,26216.0,31519.0,13.0,91.69,92.47
143,2020,Рязанская область,78388.9,6029.509,0.8628061761668563,7.691789271185079,1119800.0,0.7155742096803,60.4,5.4,22086.5,21655.0,27328.0,12.8,94.57,95.08
144,2020,Самарская область,248778.31,8516.0602,1.2186248228784053,3.423152203260807,3206200.0,0.7974549310710499,47.2,4.4,23839.3,23996.0,29973.0,12.3,89.61,90.2
145,2020,Санкт-Петербург,679519.0900000001,5009.71,0.716875740430085,0.7372434525717297,5580800.0,1.0,34.3,2.9,37462.4,36084.0,49375.0,5.9,90.63,91.58
146,2020,Саратовская область,146440.76,11413.211599999999,1.6331992303816458,7.793739666469908,2478100.0,0.7632863887655865,44.4,5.6,19278.8,18981.0,24095.0,14.8,89.7,90.38
147,2020,Сахалинская область,184002.85,11277.988800000001,1.613849219128893,6.129246802427246,473700.0,0.8216170572092041,38.8,5.5,46091.0,43539.0,60797.0,7.7,91.2,92.24
148,2020,Свердловская область,349047.18,10109.188400000001,1.4465970923261477,2.896224057733399,4310100.0,0.8551077701213428,50.5,5.8,28742.0,29941.0,37447.0,9.0,92.32,92.77
149,2020,Смоленская область,64383.37,4603.031400000001,0.6586811498266228,7.149410476649483,916200.0,0.7227679545950666,51.9,5.3,22100.5,21409.0,28256.0,15.6,94.71,96.01
150,2020,Ставропольский край,162121.05,12362.777,1.7690794308746463,7.625645775178485,2904100.0,0.6007713233015393,40.9,6.2,19703.2,21553.0,24187.0,13.8,82.9,83.34
151,2020,Тамбовская область,64058.82,6904.625,0.9880328720159601,10.778570382657689,1005800.0,0.6019089282163452,62.2,4.6,22605.3,21733.0,27892.0,10.8,95.61,95.97
152,2020,Тверская область,93811.5,7413.527599999999,1.0608554362326104,7.902578681718126,1257000.0,0.7614956245027844,50.5,4.4,23038.1,21896.0,27692.0,11.4,94.16,94.91
153,2020,Томская область,88212.22,8516.737,1.2187216710993851,9.654826734890017,1074700.0,0.7175025588536336,39.8,8.6,23558.7,21351.0,28871.0,14.4,93.38,94.04
154,2020,Тульская область,112533.88,5812.1118,0.83169723398908,5.164766201965132,1519000.0,0.7448321263989467,57.0,4.4,24233.5,23164.0,29396.0,10.1,94.1,94.62
155,2020,Тюменская область,192132.31,4099.5527999999995,0.5866347451114392,2.1337133769952588,3773200.0,0.8046220714512881,34.7,3.6,36831.5,33040.0,50440.0,11.6,76.41,79.08
156,2020,Удмуртская Республика,97609.99,8717.801,1.247493377220864,8.93125898281518,1471600.0,0.6560206577874422,48.8,6.3,21098.1,18878.0,25460.0,11.9,67.71,68.09
157,2020,Ульяновская область,81131.24,5545.2008,0.7935030030348061,6.834852764483816,1219700.0,0.7614167418217594,60.7,4.9,20088.8,19206.0,24596.0,15.0,77.49,77.96
158,2020,Хабаровский край,150749.36,15037.7212,2.1518565984121207,9.975313460700598,1310400.0,0.8321123321123322,38.0,4.0,33457.5,34169.0,41751.0,12.0,92.86,93.61
159,2020,Ханты-Мансийский АО,0.0,4601.8938,0.6585183623913594,inf,1684200.0,0.9197244982781142,30.4,3.0,42456.4,34228.0,54588.0,8.4,70.3,74.08
160,2020,Челябинская область,239619.84,21269.2824,3.043575889406088,8.876260997419912,3468800.0,0.8265394372693726,53.7,6.8,22190.7,20476.0,26647.0,12.6,86.34,87.08
161,2020,Чеченская Республика,127102.63,8066.7844000000005,1.1543346899600693,6.346669931220148,1477700.0,0.376192731948298,75.1,18.5,19624.0,16737.0,24625.0,20.4,1.21,1.22
162,2020,Чувашская Республика,76614.11,6434.2832,0.9207282523612856,8.398300521927357,1206000.0,0.632669983416252,52.4,6.1,17498.3,16434.0,21164.0,16.8,30.7,30.96
163,2020,Чукотский АО,54335.43,8194.8622,1.1726622713385635,15.081986468129541,48500.0,0.6907216494845361,36.2,4.4,67447.5,30877.0,89548.0,8.0,54.21,57.81
164,2020,Ямало-Hенецкий АО,0.0,728.9494,0.10431065687655895,inf,510100.0,0.8466967261321309,23.6,2.4,64433.2,35211.0,90130.0,4.8,62.89,67.99
165,2020,Ярославская область,96012.52,5203.23,0.7445679208732703,5.419324479765763,1235600.0,0.814098413726125,46.8,7.3,24094.4,22727.0,29527.0,9.9,96.52,97.04
166,2021,Алтайский край,173339.31,69801.3824,3.4981090538642614,40.26863981401564,2193000.0,0.578796169630643,60.3,5.5,20783.2,20158.0,26010.0,16.5,95.45,96.08
167,2021,Амурская область,118629.57,12694.249,0.6361746119072185,10.700746028161443,773700.0,0.6797208220240403,35.5,5.2,30522.8,30865.0,39626.0,14.2,95.17,95.95
168,2021,Архангельская область,134048.02,27168.273,1.3615429736697586,20.267567547808614,1037300.0,0.773257495420804,58.0,6.6,31608.5,32464.0,39739.0,12.3,96.23,97.06
169,2021,Астраханская область,76267.67,9103.3586,0.4562164823147268,11.936064914530625,969000.0,0.647265221878225,41.6,7.7,21812.2,23233.0,26833.0,15.5,67.1,67.57
170,2021,Белгородская область,184232.58000000002,8324.547,0.41718619644442134,4.518498845318239,1545500.0,0.6536395988353284,47.3,4.2,28019.4,28960.0,35612.0,7.0,95.29,96.57
171,2021,Брянская область,94310.85,48886.335,2.4499476255894512,51.83532435557521,1179100.0,0.6948520057671105,56.8,3.4,24952.2,27368.0,31608.0,13.0,95.87,96.56
172,2021,Владимирская область,109213.18,18105.7566,0.9073733056828773,16.578362245289444,1359000.0,0.7767476085356879,56.1,3.9,23628.9,24075.0,28489.0,11.8,95.76,96.22
173,2021,Волгоградская область,165084.83,28187.0814,1.4126007430957257,17.074301375844165,2513600.0,0.772756206238065,40.1,4.9,22529.7,23424.0,27677.0,11.3,92.52,92.97
174,2021,Вологодская область,159397.39,5689.2752,0.28511906788604524,3.5692398727482297,1150100.0,0.7239370489522651,53.1,4.7,25702.5,24757.0,31851.0,12.4,96.71,97.17
175,2021,Воронежская область,190968.55,27836.835199999998,1.3950480906814728,14.576659455182542,2319100.0,0.6832823077918158,58.9,3.8,26957.3,31641.0,35100.0,7.9,95.64,96.31
176,2021,Еврейская АО,24315.33,6662.78,0.33390643910665185,27.401561072788233,152600.0,0.7064220183486238,64.1,5.6,25377.5,23702.0,30297.0,22.4,95.67,96.72
177,2021,Забайкальский край,113925.09,37787.6274,1.8937338629555454,33.16883699631047,1014700.0,0.6891692125751453,53.6,9.3,24139.5,22710.0,29827.0,19.3,89.22,89.47
178,2021,Ивановская область,71459.4,29190.1068,1.4628675445881247,40.848519299070524,938800.0,0.8184916915210908,74.7,4.5,23287.8,23352.0,28680.0,12.9,95.98,96.39
179,2021,Иркутская область,291266.78,17679.5428,0.8860135230912092,6.069879579126736,2380800.0,0.777469758064516,54.2,6.0,24244.2,23394.0,30346.0,16.4,92.21,92.78
180,2021,Кабардино-Балкария,57219.1,31329.5318,1.5700852200157613,54.75362562500984,900600.0,0.5203197868087942,30.4,11.7,21245.7,22869.0,25929.0,18.1,19.84,20.03
181,2021,Калининградская область,141569.22,10484.8262,0.5254489839217457,7.406148172604186,1021600.0,0.7689898198903681,31.3,5.0,26052.0,27575.0,32010.0,13.4,91.3,93.99
182,2021,Калужская область,101164.81,2161.2708,0.10831248169280462,2.1363859626682435,1056000.0,0.7504734848484849,54.2,4.0,28177.4,27738.0,35028.0,8.9,90.35,91.44
183,2021,Камчатский край,115359.69,87093.4008,4.364701720725646,75.49725627730103,293300.0,0.7777020115922263,29.9,3.5,47671.6,36965.0,60794.0,13.9,88.3,90.01
184,2021,Карачаево-Черкесия,38918.66,22167.6656,1.1109366186191083,56.95896415755322,470300.0,0.4144163300021263,50.1,12.3,17067.9,13296.0,20473.0,22.1,27.55,27.75
185,2021,Кемеровская область,278034.76,23186.5618,1.1619987881581444,8.33944712524434,2622300.0,0.8646607939595011,50.9,5.4,22870.0,21544.0,28048.0,12.5,95.28,95.66
186,2021,Кировская область,98046.32,30723.8846,1.5397330997436054,31.33609155346167,1172800.0,0.7756650750341065,68.7,4.9,22169.2,22267.0,26649.0,13.3,92.78,93.14
187,2021,Костромская область,53943.16,10068.0232,0.5045608252944204,18.6641331356932,589200.0,0.73387644263408,48.3,4.4,23799.4,24245.0,28560.0,11.8,96.11,96.71
188,2021,Краснодарский край,452626.83999999997,41928.6002,2.1012594726988514,9.263392378587183,5815600.0,0.5655650319829424,48.5,5.0,32239.3,41986.0,43217.0,9.7,92.34,92.98
189,2021,Красноярский край,464956.98,13483.555400000001,0.6757308466002581,2.899957626187266,2862400.0,0.7909097261039687,51.9,3.6,28027.7,28295.0,36090.0,15.9,93.64,94.21
190,2021,Курганская область,67893.08,32252.3108,1.616330458485649,47.50456276250834,788400.0,0.6362252663622527,68.3,7.6,19429.7,18981.0,23747.0,18.5,93.4,93.88
191,2021,Курская область,112884.66,15247.3044,0.7641214505325382,13.506976412915625,1091600.0,0.6835837303041408,57.7,4.0,26062.2,26002.0,32715.0,9.1,95.93,96.62
192,2021,Ленинградская область,208061.43,2674.7062,0.13404339073156915,1.2855367763261072,1977300.0,0.6680827390886562,32.7,3.7,29774.5,31577.0,36847.0,7.9,93.73,94.89
193,2021,Липецкая область,127729.95,7038.808,0.3527511511464305,5.510695024933463,1150600.0,0.6325395445854337,50.7,4.2,27583.1,30134.0,35124.0,8.1,96.68,97.14
194,2021,Магаданская область,57680.58,10899.1584,0.5462133179548707,18.89571568108365,137300.0,0.964311726147123,27.9,4.9,61765.5,40022.0,80979.0,7.9,87.71,90.68
195,2021,Москва,3349408.02,10332.682,0.5178242494936645,0.3084927825544527,12979400.0,1.0,34.3,2.6,65117.7,63131.0,88831.0,5.5,90.21,90.97
196,2021,Московская область,927292.11,11205.001199999999,0.5615406858515155,1.2083572241329648,8436900.0,0.7872915407317854,37.9,3.4,41992.9,45415.0,53793.0,6.0,92.14,93.07
197,2021,Мурманская область,141990.16,6942.2694,0.3479131015391582,4.8892609177988104,678600.0,0.9304450338933097,32.0,5.8,42191.4,36255.0,51183.0,9.3,89.93,93.05
198,2021,Ненецкий АО,0.0,245.24220000000003,0.012290357736662675,inf,41600.0,0.7379807692307692,-77777777.0,7.1,63282.9,33763.0,86431.0,9.3,69.57,71.29
199,2021,Нижегородская область,288163.67,15483.345,0.7759506684011452,5.373107928560183,3144500.0,0.7982191127365241,61.8,4.2,29106.5,31066.0,37524.0,8.4,95.21,95.52
200,2021,Новгородская область,62645.28,6474.3624,0.32446385659889665,10.334956440453295,588300.0,0.7275199728029917,46.6,4.1,24106.3,25784.0,29229.0,12.9,95.43,96.29
201,2021,Новосибирская область,280439.77,23971.4828,1.201335247727578,8.547818592206092,2801400.0,0.7954594131505676,54.8,6.1,27549.5,28021.0,35261.0,12.9,94.15,94.63
202,2021,Омская область,146601.05,24367.677600000003,1.221190622640238,16.62176198601579,1878100.0,0.7337202491880092,42.4,6.5,23727.1,25305.0,29972.0,12.8,88.71,89.94
203,2021,Оренбургская область,161941.85,19570.6304,0.9807857242677066,12.084973958244886,1879300.0,0.5966051189272602,62.3,4.7,21237.1,22371.0,26518.0,13.7,79.29,80.37
204,2021,Орловская область,56301.18,16194.123,0.811571437956098,28.763381158263467,721000.0,0.6671289875173371,35.8,4.7,23904.6,24632.0,29846.0,12.1,95.34,95.93
205,2021,Пензенская область,88691.45,22532.0032,1.1291954641233366,25.404932718993773,1278800.0,0.6872067563340631,65.5,4.2,21525.2,22508.0,26415.0,12.0,87.57,87.92
206,2021,Пермский край,249384.41999999998,17066.894,0.8553105163536365,6.843608754708895,2550700.0,0.7573999294311367,59.0,4.6,25489.8,27573.0,32747.0,12.8,89.41,89.77
207,2021,Приморский край,199109.12,28610.3938,1.4338151214953865,14.369203078191498,1858200.0,0.7828543752018082,36.0,4.2,32348.5,33695.0,40843.0,12.3,94.42,95.29
208,2021,Псковская область,55096.91,14251.429,0.714212972598716,25.866112999803438,605100.0,0.7073211039497603,52.8,4.7,23766.1,25331.0,29332.0,14.6,95.78,96.97
209,2021,Республика Адыгея,40473.64,11111.2466,0.5568421569137646,27.4530449942234,490400.0,0.4961256117455139,39.7,8.3,26050.9,31166.0,34901.0,11.5,64.43,65.18
210,2021,Республика Алтай,31772.92,22768.497600000002,1.1410474242619972,71.66007279154702,211200.0,0.3091856060606061,41.7,12.0,18812.2,18693.0,23798.0,22.4,53.7,53.98
211,2021,Республика Башкортостан,290224.42,54247.7332,2.7186350776132033,18.691650137503938,4096100.0000000005,0.6179536632406435,45.8,4.3,24981.8,28048.0,32621.0,11.4,37.49,37.96
212,2021,Республика Бурятия,105771.92,52847.121,2.648443140873384,49.96328042452099,980900.0,0.5919053930064228,54.9,9.5,22838.6,24835.0,28314.0,19.5,63.95,64.22
213,2021,Республика Дагестан,185899.99,157874.2874,7.911898806839511,84.92431193783283,3164800.0,0.4527300303336703,38.5,15.1,23604.8,25213.0,30260.0,14.7,3.26,3.28
214,2021,Республика Ингушетия,39571.18,24547.9368,1.2302243454388617,62.03488700614942,504000.0,0.5380952380952381,50.0,30.9,15185.0,10468.0,18139.0,29.3,0.67,0.68
215,2021,Республика Калмыкия,23496.170000000002,11067.1888,0.5546341922034076,47.10209706518126,268900.0,0.4644849386388993,56.3,9.0,17678.9,12900.0,21319.0,22.6,25.71,26.01
216,2021,Республика Карелия,80993.61,21083.751399999997,1.0566160601106274,26.031376302402126,541500.0,0.7922437673130194,69.6,6.6,29119.0,30017.0,35173.0,14.4,86.4,89.57
217,2021,Республика Коми,118579.14,6055.4138,0.30346817083488864,5.10664337757889,750400.0,0.7749200426439232,51.2,7.0,30869.4,27264.0,38880.0,15.3,69.69,72.08
218,2021,Республика Марий Эл,55162.12,19834.6972,0.9940194802786042,35.957097370441886,679800.0,0.6793174463077376,49.4,5.3,18744.4,18273.0,23185.0,17.9,52.51,52.82
219,2021,Республика Мордовия,66107.34,10447.691,0.5235879465773469,15.804131583573023,788700.0,0.6323063268669963,45.1,4.2,18503.2,17823.0,22906.0,16.5,54.09,54.32
220,2021,Якутия,358304.62,118986.0218,5.963006259054697,33.20806240232124,987200.0,0.6633914100486223,33.6,6.9,38296.0,37375.0,50369.0,16.3,32.63,33.58
221,2021,Северная Осетия,51424.59,24656.161399999997,1.2356480410748787,47.9462478942467,690800.0,0.6337579617834396,50.2,13.4,21104.8,21155.0,25885.0,13.4,18.91,19.08
222,2021,Республика Татарстан,410945.83,11529.8182,0.5778189492537749,2.8056783542492694,3997700.0,0.7681917102333843,45.7,2.6,30607.8,33152.0,39679.0,6.2,40.34,40.64
223,2021,Республика Тыва,53498.18,43116.024,2.160767433755421,80.59344074882547,333700.0,0.5448007192088703,48.8,15.0,16491.5,12471.0,20652.0,28.2,10.12,10.16
224,2021,Республика Хакасия,54124.21,11320.412,0.5673245192157345,20.91561613555191,536300.0,0.684691404064889,37.6,6.4,21760.8,23263.0,26068.0,17.9,82.14,82.68
225,2021,Ростовская область,299339.88,48253.644799999995,2.4182402404229477,16.12001875593723,4216600.0,0.6800028458947968,41.9,4.0,26833.7,30998.0,35041.0,12.0,91.69,92.47
226,2021,Рязанская область,92085.62,14188.2378,0.7110461340456081,15.407658437875535,1110400.0,0.7148775216138328,58.1,4.0,24489.9,25124.0,30495.0,12.4,94.57,95.08
227,2021,Самарская область,306133.62,6607.3286,0.3311274820470643,2.1583152480933,3183900.0,0.7966330600835454,42.7,3.5,25923.0,27373.0,32663.0,11.7,89.61,90.2
228,2021,Санкт-Петербург,846022.64,5798.3688,0.2905863136161047,0.6853680416873951,5588500.0,1.0,32.2,2.0,43496.1,45581.0,57745.0,5.0,90.63,91.58
229,2021,Саратовская область,168373.63,29643.4156,1.4855851980636574,17.605735292397036,2457600.0,0.7644856770833334,39.5,4.5,20929.5,21770.0,26228.0,14.0,89.7,90.38
230,2021,Сахалинская область,187448.14,1751.2133999999999,0.08776238004404359,0.934238878017141,469300.0,0.8222885148092903,34.7,5.2,48574.2,46906.0,63854.0,7.4,91.2,92.24
231,2021,Свердловская область,427622.46,10925.171199999999,0.5475169541876734,2.554863745931399,4289400.0,0.856530050822959,48.8,4.1,30834.4,34150.0,40275.0,8.6,92.32,92.77
232,2021,Смоленская область,71790.9,10993.383199999998,0.5509354110516766,15.313059454610542,900300.0,0.724758413862046,44.6,5.0,23972.4,24169.0,30731.0,14.3,94.71,96.01
233,2021,Ставропольский край,184895.08,59059.605200000005,2.9597829235509354,31.942226477848955,2904200.0,0.6031609393292473,40.4,5.3,21288.9,25205.0,26190.0,13.0,82.9,83.34
234,2021,Тамбовская область,71152.20999999999,23789.85,1.1922326867135613,33.435152611563296,993000.0,0.6019133937562942,59.4,3.9,24445.4,24339.0,30241.0,10.5,95.61,95.97
235,2021,Тверская область,108471.83,15897.803199999998,0.7967213169473306,14.656158377709676,1241800.0,0.7629247866000967,45.8,3.9,25323.4,25585.0,30528.0,10.8,94.16,94.91
236,2021,Томская область,99721.79000000001,18163.5288,0.9102685700592121,18.214202532866686,1065300.0,0.7134140617666386,39.3,6.8,25215.6,24306.0,30976.0,13.5,93.38,94.04
237,2021,Тульская область,131264.63,8144.388400000001,0.40815751523320926,6.204556703508021,1507600.0,0.739121782966304,55.7,3.8,26428.2,26868.0,32131.0,9.7,94.1,94.62
238,2021,Тюменская область,274276.0,4389.3502,0.21997308860176537,1.6003406058131224,3796400.0,0.8062374881466653,33.4,3.2,38834.4,37461.0,53381.0,11.4,76.41,79.08
239,2021,Удмуртская Республика,117721.81,16083.3048,0.8060177635814063,13.66212836856654,1460900.0,0.6569922650420973,47.1,4.5,22867.5,21609.0,27650.0,11.3,67.71,68.09
240,2021,Ульяновская область,92648.37,11804.073199999999,0.5915632887722934,12.740724094768208,1207100.0,0.7643111589760584,51.7,4.3,21844.5,21788.0,26849.0,13.8,77.49,77.96
241,2021,Хабаровский край,165526.73,26335.6944,1.3198181447541404,15.91023661253986,1295100.0,0.8329086557022625,39.8,3.1,35331.7,38508.0,44108.0,12.0,92.86,93.61
242,2021,Ханты-Мансийский АО,0.0,4810.7464,0.24109143628772747,inf,1698200.0,0.9201507478506653,32.4,2.6,44285.2,38367.0,57012.0,8.2,70.3,74.08
243,2021,Челябинская область,320817.26,29617.6352,1.4842932085993878,9.231933219553087,3445500.0,0.8266144246118124,50.2,4.9,24323.7,23821.0,29498.0,12.0,86.34,87.08
244,2021,Чеченская Республика,138140.38,75911.378,3.8043126015955853,54.952344853836365,1496600.0,0.37932647333956976,69.3,14.5,20939.7,18955.0,26397.0,19.8,1.21,1.22
245,2021,Чувашская Республика,85336.66,31763.429399999997,1.5918300776507008,37.221317778314734,1194800.0,0.6351690659524607,51.0,4.8,19390.1,19484.0,23619.0,15.7,30.7,30.96
246,2021,Чукотский АО,53866.38,28559.363,1.431257703613847,53.01890158573864,47600.0,0.6827731092436975,42.5,2.6,74821.5,32853.0,99905.0,7.3,54.21,57.81
247,2021,Ямало-Hенецкий АО,0.0,1503.1806000000001,0.07533217087765175,inf,508800.0,0.8457154088050315,24.0,2.1,68995.9,40122.0,96814.0,4.6,62.89,67.99
248,2021,Ярославская область,109227.21,4810.8776,0.24109801139973935,4.404468080801478,1221700.0,0.8124744208889253,41.6,5.9,26858.2,27391.0,33124.0,8.9,96.52,97.04
249,2022,Алтайский край,185847.8,36375.0075,3.6903391858861703,19.572471398639102,2154900.0,0.5823936145528794,63.2,3.7,24037.0,25062.0,31145.0,15.4,95.45,96.08
250,2022,Амурская область,121944.93,7467.1743,0.75756426791478,6.123398734166316,763600.0,0.6816396018858041,39.5,4.2,34565.7,35974.0,44900.0,13.3,95.17,95.95
251,2022,Архангельская область,156710.43,12753.125699999999,1.2938377954490317,8.13801972210784,1016000.0,0.7746062992125984,63.4,5.6,35748.2,38562.0,48356.0,11.8,96.23,97.06
252,2022,Астраханская область,91927.52,4267.668,0.432966026268241,4.642426990307145,957800.0,0.642931718521612,42.1,7.0,25038.0,26164.0,31119.0,13.8,67.1,67.57
253,2022,Белгородская область,166867.93,2620.7922999999996,0.26588620009930564,1.5705787804762723,1536500.0,0.6530426293524243,51.4,3.7,32811.0,32092.0,41022.0,6.1,95.29,96.57
254,2022,Брянская область,109137.11,23854.1163,2.4200621849102313,21.857016646308484,1164699.9999999998,0.6951146217910192,57.6,3.2,28677.8,30320.0,35722.0,12.0,95.87,96.56
255,2022,Владимирская область,116464.42,8675.252,0.8801268949026987,7.448843174593581,1342200.0,0.7761138429444197,53.1,2.6,27587.1,26020.0,32321.0,10.4,95.76,96.22
256,2022,Волгоградская область,181019.85,14754.5128,1.4968837258521277,8.150770647528434,2492800.0,0.7747111681643132,38.4,3.5,26263.8,26225.0,31309.0,9.6,92.52,92.97
257,2022,Вологодская область,150161.22,2262.7572,0.22956260732883896,1.5068851997872688,1138400.0,0.7247013352073084,52.7,3.4,29350.0,27089.0,35444.0,11.0,96.71,97.17
258,2022,Воронежская область,208011.53,12422.9038,1.2603359242093413,5.972218847676376,2302600.0,0.6850951098757926,61.9,3.5,30806.9,33735.0,39319.0,7.2,95.64,96.31
259,2022,Еврейская АО,23586.88,2448.2841000000003,0.24838479421377593,10.379855665522529,149600.0,0.7078877005347595,64.5,5.2,29531.1,27496.0,35493.0,20.0,95.67,96.72
260,2022,Забайкальский край,124141.12,16184.8941,1.6419996316604988,13.037496439535909,1000500.0,0.6925537231384308,56.7,8.7,28379.6,27644.0,36183.0,17.6,89.22,89.47
261,2022,Ивановская область,76966.13,15389.087800000001,1.561263011241518,19.994623349257655,924100.0,0.8195000541066984,73.1,3.1,26967.9,28872.0,34275.0,11.5,95.98,96.39
262,2022,Иркутская область,319483.04000000004,4062.3901,0.41214004902641027,1.2715510970472796,2363500.0,0.7761793949650941,63.8,5.0,28570.9,26644.0,35040.0,14.8,92.21,92.78
263,2022,Кабардино-Балкария,70859.59,16373.378,1.6611218138917645,23.10679189648148,904300.0,0.5190755280327325,37.7,10.0,25415.9,27903.0,30173.0,16.4,19.84,20.03
264,2022,Калининградская область,137720.44,5014.274,0.5087111481961947,3.6409076241696585,1031000.0,0.7676042677012609,35.6,3.1,29129.9,30826.0,34506.0,12.0,91.3,93.99
265,2022,Калужская область,106913.69,1957.6414,0.19860781527902263,1.8310483905288462,1073300.0,0.7503959750302804,56.6,3.9,31476.3,28327.0,35509.0,7.9,90.35,91.44
266,2022,Камчатский край,120751.13,46909.714700000004,4.759112650523868,38.848261461404135,292600.0,0.7792207792207791,35.8,2.9,53171.8,44431.0,70769.0,12.8,88.3,90.01
267,2022,Карачаево-Черкесия,44780.21,11928.931199999999,1.2102211182526943,26.63884604382159,469100.0,0.4133447026220422,53.9,9.8,19060.4,14643.0,22258.0,22.0,27.55,27.75
268,2022,Кемеровская область,359279.56,10994.3068,1.1154010402800547,3.060098047325598,2592000.0,0.8652777777777778,53.9,4.1,26779.8,24686.0,32627.0,11.3,95.28,95.66
269,2022,Кировская область,109060.27,15780.606800000001,1.6009836328171692,14.469620146731712,1149200.0,0.7794117647058824,73.3,3.8,25254.9,26548.0,32149.0,12.5,92.78,93.14
270,2022,Костромская область,57492.17,4548.3737,0.46144435013969604,7.9112924420838535,578000.0,0.7378892733564014,48.1,3.4,27139.8,29753.0,34450.0,11.0,96.11,96.71
271,2022,Краснодарский край,524277.25,18797.4562,1.9070508565486606,3.5854037534529684,5832000.0,0.5696673525377229,50.0,3.5,37188.6,45331.0,48279.0,9.0,92.34,92.98
272,2022,Красноярский край,444973.69,8225.585799999999,0.8345070885444861,1.8485555404410536,2856300.0,0.7942092917410636,56.9,2.7,32892.7,31564.0,41782.0,14.4,93.64,94.21
273,2022,Курганская область,76372.22,16294.9409,1.6531641659446878,21.336214791189782,772300.0,0.6399067719798006,75.2,6.5,22574.1,22282.0,28401.0,17.0,93.4,93.88
274,2022,Курская область,119331.73000000001,7027.0908,0.7129166514129296,5.888702694580896,1078200.0,0.6846596178816546,63.0,3.0,30339.6,28917.0,37632.0,8.1,95.93,96.62
275,2022,Ленинградская область,239233.16,2736.4555,0.27762053278157356,1.1438445656948226,2006000.0,0.6714356929212363,31.5,3.3,33571.5,32789.0,38963.0,7.0,93.73,94.89
276,2022,Липецкая область,111340.03,2506.1601,0.25425646505047195,2.2509066146290784,1138100.0,0.6304366927335032,58.9,3.7,31756.8,32431.0,38926.0,7.2,96.68,97.14
277,2022,Магаданская область,53905.97,5192.5217999999995,0.526794851440462,9.632554242136816,135900.0,0.963944076526858,34.4,4.1,70976.5,45948.0,94060.0,7.4,87.71,90.68
278,2022,Москва,3671520.5,5458.6213,0.553791338305646,0.14867467851534535,13015100.0,1.0,34.2,2.2,73458.6,65722.0,95465.0,5.0,90.21,90.97
279,2022,Московская область,1066559.95,10487.7819,1.0640127708179226,0.983327932011698,8542300.0,0.7847184013673133,42.0,3.1,48004.7,43138.0,55109.0,5.5,92.14,93.07
280,2022,Мурманская область,128921.92,2832.2502999999997,0.2873391645713849,2.196872572173917,665200.0,0.930847865303668,34.9,4.8,48438.3,45567.0,62601.0,8.0,89.93,93.05
281,2022,Ненецкий АО,0.0,607.7162,0.06165439022267795,inf,41400.0,0.7415458937198067,-77777777.0,7.4,71497.5,41089.0,104109.0,9.0,69.57,71.29
282,2022,Нижегородская область,331518.76,4049.0557999999996,0.41078724958557544,1.2213655118642455,3108900.0,0.7993824182186625,59.3,4.1,33308.3,35053.0,43220.0,8.0,95.21,95.52
283,2022,Новгородская область,70828.2,2703.5098,0.27427810576718875,3.8169963376169376,581600.0,0.7303988995873453,53.7,3.1,27659.9,29024.0,33729.0,11.9,95.43,96.29
284,2022,Новосибирская область,322561.52,12427.8544,1.26083817546451,3.8528632925588893,2797500.0,0.7968185880250223,65.8,4.7,31971.1,32658.0,39845.0,11.3,94.15,94.63
285,2022,Омская область,159801.16999999998,11132.572699999999,1.1294284757064752,6.966515138781524,1851500.0,0.7352957061841751,49.0,5.3,27352.9,28006.0,34747.0,12.0,88.71,89.94
286,2022,Оренбургская область,168069.18,8736.617199999999,0.8863525541609061,5.198226825406061,1855800.0,0.5974242914107124,65.8,3.5,23942.0,25403.0,30334.0,13.1,79.29,80.37
287,2022,Орловская область,60698.71000000001,8639.7425,0.8765243637053862,14.233815677466621,710000.0,0.6666197183098592,41.2,4.0,27467.4,27748.0,34138.0,11.5,95.34,95.93
288,2022,Пензенская область,96868.7,11430.468,1.1596507292381433,11.799960152247321,1261100.0,0.6874950440091984,67.8,3.7,24541.3,25816.0,30111.0,11.5,87.57,87.92
289,2022,Пермский край,256933.34,5235.5283,0.5311579728005831,2.037699077900906,2525100.0,0.7567225060393648,59.9,3.4,29347.6,30768.0,37253.0,11.5,89.41,89.77
290,2022,Приморский край,228664.76,14861.4247,1.5077302163719588,6.499219512442582,1842000.0,0.7846362649294245,37.6,3.4,36456.6,39421.0,45834.0,11.4,94.42,95.29
291,2022,Псковская область,61367.619999999995,7780.847900000001,0.7893872710484011,12.679077174575129,596900.0,0.7089964818227509,66.6,4.0,26488.6,29269.0,33090.0,14.3,95.78,96.97
292,2022,Республика Адыгея,44170.630000000005,6140.8679,0.6230070315922415,13.902604287056805,498300.0,0.49448123620309054,38.4,7.1,29281.9,30511.0,36397.0,11.6,64.43,65.18
293,2022,Республика Алтай,35729.96,11824.8107,1.1996578225281762,33.094945250428495,210800.0,0.31024667931688804,55.1,9.8,21882.7,23272.0,27940.0,20.0,53.7,53.98
294,2022,Республика Башкортостан,329550.18,26857.1164,2.7247243611104714,8.14962880615025,4091600.0,0.6206129631440024,58.1,3.4,28468.7,30479.0,35269.0,10.1,37.49,37.96
295,2022,Республика Бурятия,125867.37,27205.8836,2.760107701303922,21.614723180439857,977900.0,0.5916760404949382,61.6,7.4,26491.8,27957.0,32823.0,19.0,63.95,64.22
296,2022,Республика Дагестан,210484.1,83567.8659,8.478177501726995,39.702697685953474,3186900.0,0.45225767987699644,38.4,12.1,26774.7,29242.0,33343.0,14.2,3.26,3.28
297,2022,Республика Ингушетия,48579.07,12835.599900000001,1.3022050176986661,26.422078273626898,511300.0,0.5482104439663603,52.5,28.5,17329.0,11361.0,20781.0,30.5,0.67,0.68
298,2022,Республика Калмыкия,27575.620000000003,5329.9068,0.5407329172691213,19.328329879799615,266400.0,0.46771771771771775,69.3,8.1,20097.0,15205.0,23684.0,20.9,25.71,26.01
299,2022,Республика Карелия,83915.65,10187.8197,1.033580824901633,12.140547919249867,532400.0,0.7941397445529678,81.5,5.8,33367.9,36607.0,44880.0,12.9,86.4,89.57
300,2022,Республика Коми,144856.05,1513.2774,0.1535259309111054,1.0446766980046742,734400.0,0.775462962962963,58.4,6.7,34633.8,32321.0,46638.0,14.0,69.69,72.08
301,2022,Республика Марий Эл,59113.99,9641.435599999999,0.9781487358560116,16.309904981883307,676400.0,0.685097575399172,48.2,3.6,21497.5,19832.0,25696.0,16.2,52.51,52.82
302,2022,Республика Мордовия,84528.71,5343.019200000001,0.5420632043774062,6.320952017367827,781400.0,0.6343742001535705,46.3,3.6,21204.9,20288.0,25504.0,15.0,54.09,54.32
303,2022,Якутия,350978.06,60669.4795,6.15507660269672,17.28583248195058,997800.0,0.6698737221888154,42.0,6.5,43912.2,41009.0,57715.0,15.5,32.63,33.58
304,2022,Северная Осетия,61596.490000000005,12786.0929,1.2971824036943758,20.757827109953826,685400.0,0.6320396848555588,47.4,11.9,23920.4,23959.0,29235.0,13.0,18.91,19.08
305,2022,Республика Татарстан,517314.18,5922.9496,0.6008986528706234,1.1449424409746511,4000100.0,0.7677058073548162,52.1,2.3,36280.5,35993.0,44932.0,5.0,40.34,40.64
306,2022,Республика Тыва,60363.75,22385.1688,2.2710336377337246,37.083794164544116,336300.0,0.5480225988700566,62.6,9.5,18691.1,14320.0,23049.0,27.2,10.12,10.16
307,2022,Республика Хакасия,65147.58,4770.634400000001,0.483993276643491,7.322811376876932,533000.0,0.6848030018761726,48.3,3.3,24716.9,24919.0,28963.0,18.0,82.14,82.68
308,2022,Ростовская область,343090.19,22524.209199999998,2.2851396482009743,6.56509858238733,4192300.0,0.678744364668559,40.9,3.5,31398.9,34963.0,40016.0,10.5,91.69,92.47
309,2022,Рязанская область,108577.72,6499.0688,0.6593474452042439,5.98563756910718,1098600.0,0.7136355361369016,59.9,2.9,27604.4,27306.0,33379.0,11.8,94.57,95.08
310,2022,Самарская область,339418.13,3633.0137,0.36857869568745255,1.070365245368596,3164400.0,0.7959170774870433,43.8,2.7,29985.1,30264.0,37055.0,10.9,89.61,90.2
311,2022,Санкт-Петербург,1165310.99,5105.0239,0.5179179617503982,0.43808253280096504,5607900.0,1.0,32.9,1.8,50215.5,48134.0,63495.0,4.5,90.63,91.58
312,2022,Саратовская область,189226.88999999998,14108.256800000001,1.4313193726100273,7.455735704370559,2431000.0,0.7660222130810366,40.3,3.4,23922.4,23963.0,28797.0,13.2,89.7,90.38
313,2022,Сахалинская область,282990.57,1563.8977,0.15866149209803612,0.5526324428407632,466000.0,0.8248927038626609,37.7,4.2,54641.0,54031.0,73820.0,7.0,91.2,92.24
314,2022,Свердловская область,450919.47,9283.5725,0.9418425929332178,2.0588094144615225,4263700.0,0.8580575556441589,50.5,3.5,35393.6,37378.0,46187.0,8.3,92.32,92.77
315,2022,Смоленская область,79290.5,4753.0408,0.48220836013176777,5.994464406202509,886900.0,0.7264629608749577,47.0,3.5,27356.7,27256.0,35094.0,12.8,94.71,96.01
316,2022,Ставропольский край,210747.97,30124.5428,3.0562132736809775,14.294108171006345,2902500.0,0.605925925925926,39.2,4.3,23985.9,25153.0,27626.0,11.7,82.9,83.34
317,2022,Тамбовская область,80238.83,12017.356699999998,1.2191921153770682,14.976983961505915,979200.0,0.6021241830065359,65.2,3.3,27696.7,27256.0,34092.0,10.5,95.61,95.97
318,2022,Тверская область,123753.19999999998,7997.6989,0.8113873694071053,6.4626198756880635,1226000.0,0.763458401305057,44.5,3.8,29379.3,28470.0,35203.0,9.6,94.16,94.91
319,2022,Томская область,109970.29000000001,8854.2835,0.8982901065517404,8.05152327960579,1062700.0,0.7141244001129199,43.5,5.2,28578.5,27218.0,34766.0,12.7,93.38,94.04
320,2022,Тульская область,143892.59,2225.9227,0.2258256514328842,1.5469335147834924,1496700.0,0.7330126277811184,56.3,3.6,29584.2,28397.0,34442.0,9.4,94.1,94.62
321,2022,Тюменская область,267982.07,1909.1685,0.19369011341123496,0.7124239692603315,3827700.0,0.8082921859079866,40.3,2.7,43583.8,39193.0,59348.0,10.7,76.41,79.08
322,2022,Удмуртская Республика,121359.51999999999,7397.2635,0.7504716352945215,6.095330222136673,1448900.0,0.6571882117468424,50.3,2.9,26231.8,25642.0,31941.0,10.2,67.71,68.09
323,2022,Ульяновская область,100613.59,5756.6802,0.5840301894831235,5.721573199008206,1191700.0,0.7675589494000168,53.6,4.2,25288.4,24548.0,31008.0,12.8,77.49,77.96
324,2022,Хабаровский край,186719.03,11737.0031,1.190749512967041,6.2859169201982255,1292800.0,0.8344678217821783,38.8,2.6,40196.9,42352.0,49523.0,10.5,92.86,93.61
325,2022,Ханты-Мансийский АО,0.0,2288.7493,0.2321995735247489,inf,1713800.0,0.9207608822499709,39.5,2.0,49887.8,39700.0,63454.0,7.2,70.3,74.08
326,2022,Челябинская область,300892.36,5696.7485,0.5779499625309565,1.8932845287264854,3421600.0,0.8261631985036241,55.6,3.1,27417.9,27029.0,33071.0,11.3,86.34,87.08
327,2022,Чеченская Республика,149892.93,38591.1259,3.915170165565924,25.745794614862756,1514600.0,0.38148686121748315,66.6,11.0,24021.8,22124.0,30341.0,19.4,1.21,1.22
328,2022,Чувашская Республика,94209.04000000001,15897.974,1.612890840734521,16.875210701648165,1183900.0,0.6403412450375876,57.6,3.2,22320.9,21891.0,27213.0,14.8,30.7,30.96
329,2022,Чукотский АО,53306.88,14525.2918,1.4736286587974194,27.248437349925563,47900.0,0.6889352818371608,37.5,1.9,82049.7,39428.0,114456.0,6.6,54.21,57.81
330,2022,Ямало-Hенецкий АО,0.0,836.5691999999999,0.08487212271957456,inf,511200.0,0.8468309859154929,28.1,1.7,76957.8,47006.0,116639.0,4.5,62.89,67.99
331,2022,Ярославская область,120785.65,1164.1718,0.11810825915688507,0.9638328725308016,1205600.0,0.8107166556071665,40.5,5.0,30524.1,30810.0,38060.0,8.8,96.52,97.04
332,2023,Алтайский край,192389.35,38913.8823,3.3085294306545547,20.226630164299632,2130900.0,0.5831808156178141,,,,,,,95.45,96.08
333,2023,Амурская область,130121.95000000001,6732.5944,0.5724174870380395,5.174065098163683,756200.0,0.6836815657233536,,,,,,,95.17,95.95
334,2023,Архангельская область,151589.14,15153.0599,1.288340861421102,9.996138179819477,1005700.0,0.7769712637963607,,,,,,,96.23,97.06
335,2023,Астраханская область,88289.0,5217.0887,0.4435664211865418,5.9091038521220085,950600.0,0.6406480117820323,,,,,,,67.1,67.57
336,2023,Белгородская область,198004.99,2403.098,0.20431578623927482,1.2136552720211748,1514500.0,0.6535490260812149,,,,,,,95.29,96.57
337,2023,Брянская область,114343.70999999999,24210.594399999998,2.058429007121717,21.173525329902272,1152500.0,0.6962255965292842,,,,,,,95.87,96.56
338,2023,Владимирская область,125992.14,9758.3941,0.8296765104769762,7.745240377693402,1325500.0,0.7764617125612977,,,,,,,95.76,96.22
339,2023,Волгоградская область,198238.77000000002,19348.285,1.6450265707668048,9.76009132825027,2470100.0,0.7757985506659649,,,,,,,92.52,92.97
340,2023,Вологодская область,163954.81,3346.8878,0.2845585208391987,2.0413477347813096,1128700.0,0.725259147692035,,,,,,,96.71,97.17
341,2023,Воронежская область,226272.05000000002,12048.178800000002,1.024358192746764,5.324642968497435,2285300.0,0.6851616855555068,,,,,,,95.64,96.31
342,2023,Еврейская АО,24725.9,5089.8948,0.43275216322313803,20.585276167904908,147500.0,0.7084745762711865,,,,,,,95.67,96.72
343,2023,Забайкальский край,145511.71,21367.191199999997,1.8166776676410672,14.684172978243467,992400.0,0.6951833937928255,,,,,,,89.22,89.47
344,2023,Ивановская область,81340.34,16188.5643,1.3763813390213615,19.902257969415913,914700.0,0.8207062424838745,,,,,,,95.98,96.39
345,2023,Иркутская область,326416.59,4712.8367,0.40069399407673323,1.4438104080432919,2344400.0,0.7751236990274697,,,,,,,92.21,92.78
346,2023,Кабардино-Балкария,69990.97,19929.7586,1.6944645195152046,28.474756957933288,903300.0,0.5177681833277981,,,,,,,19.84,20.03
347,2023,Калининградская область,132850.75,5683.9262,0.48325779909059624,4.278429892191049,1032300.0,0.7661532500242177,,,,,,,91.3,93.99
348,2023,Калужская область,113085.33,1320.3916000000002,0.11226210828594342,1.167606443735894,1070900.0,0.7485292744420581,,,,,,,90.35,91.44
349,2023,Камчатский край,130852.87,49167.6329,4.180322056565124,37.57474551379729,288700.0,0.7797021129199861,,,,,,,88.3,90.01
350,2023,Карачаево-Черкесия,39901.27,14143.6434,1.202518424782897,35.446599569387146,468400.0,0.4137489325362938,,,,,,,27.55,27.75
351,2023,Кемеровская область,321860.42,11656.4043,0.9910488083621075,3.6215712077924964,2568200.0,0.8652752900864419,,,,,,,95.28,95.66
352,2023,Кировская область,111043.01000000001,18071.5722,1.5364781139274475,16.274389716200954,1138100.0,0.7832352165890519,,,,,,,92.78,93.14
353,2023,Костромская область,63093.4,6016.743,0.5115544920118336,9.536247848427887,571900.0,0.7408637873754153,,,,,,,96.11,96.71
354,2023,Краснодарский край,623581.6900000001,24553.0253,2.0875431084051947,3.9374192176810063,5819300.0,0.5713401955561666,,,,,,,92.34,92.98
355,2023,Красноярский край,511056.48,8477.061300000001,0.7207352527895364,1.658732768636453,2845500.0,0.7958882445967316,,,,,,,93.64,94.21
356,2023,Курганская область,83628.77,19499.7621,1.6579054307982084,23.317049981722796,761600.0,0.6420693277310924,,,,,,,93.4,93.88
357,2023,Курская область,123017.45,7715.5407000000005,0.6559893788691201,6.271907522062928,1067000.0,0.6848172446110591,,,,,,,95.93,96.62
358,2023,Ленинградская область,306088.02,2812.6883,0.23913990251771222,0.9189148598497908,2023800.0,0.6706690384425339,,,,,,,93.73,94.89
359,2023,Липецкая область,136106.45,2710.9874,0.23049310603053533,1.9918140543670044,1126300.0,0.6298499511675397,,,,,,,96.68,97.14
360,2023,Магаданская область,63336.36,6104.9978,0.5190580764896159,9.639009567332256,134300.0,0.9650037230081905,,,,,,,87.71,90.68
361,2023,Москва,4228414.08,6205.6862,0.5276187883753461,0.146761553683976,13104200.0,1.0,,,,,,,90.21,90.97
362,2023,Московская область,1247540.94,5537.200599999999,0.4707829202777349,0.4438492094696307,8591700.0,0.7829416762689572,,,,,,,92.14,93.07
363,2023,Мурманская область,151464.6,2739.6666,0.23293146405701343,1.8087834385064232,658700.0,0.9304691058144829,,,,,,,89.93,93.05
364,2023,Ненецкий АО,0.0,2087.3562,0.17747084104119973,inf,41400.0,0.7439613526570049,,,,,,,69.57,71.29
365,2023,Нижегородская область,396803.97,7320.183099999999,0.6223753527704455,1.8447857515135244,3081800.0,0.8000194691414109,,,,,,,95.21,95.52
366,2023,Новгородская область,77528.09999999999,20410.081100000003,1.7353024167777855,26.326043202400168,575900.0,0.7312033339121375,,,,,,,95.43,96.29
367,2023,Новосибирская область,325640.62,10673.196199999998,0.9074546578163022,3.2775997662699443,2794300.0,0.7972658626489639,,,,,,,94.15,94.63
368,2023,Омская область,171720.2,16530.2999,1.4054363246274209,9.626299002679941,1832100.0,0.7364226843512909,,,,,,,88.71,89.94
369,2023,Оренбургская область,176090.53,14788.78,1.2573691182047768,8.39839598415656,1841400.0,0.5985663082437276,,,,,,,79.29,80.37
370,2023,Орловская область,65516.91,9141.433,0.7772213495865141,13.952784098029044,700300.0,0.6661430815364844,,,,,,,95.34,95.93
371,2023,Пензенская область,102996.58,14450.6307,1.228619046382587,14.030204400961663,1246600.0,0.6878710091448741,,,,,,,87.57,87.92
372,2023,Пермский край,291196.17,11233.8635,0.9551236168925245,3.85783353537926,2508400.0,0.756777228512199,,,,,,,89.41,89.77
373,2023,Приморский край,257455.25,23771.743899999998,2.021117135134391,9.233349834582901,1820100.0,0.7842426240316467,,,,,,,94.42,95.29
374,2023,Псковская область,70216.52,10690.7451,0.9089466973840329,15.225398666866429,587800.0,0.7087444709084724,,,,,,,95.78,96.97
375,2023,Республика Адыгея,54820.729999999996,6920.892400000001,0.5884269273177465,12.624590004547551,498000.0,0.48975903614457833,,,,,,,64.43,65.18
376,2023,Республика Алтай,37732.91,13940.484199999999,1.1852454581041587,36.94516060383362,210800.0,0.3083491461100569,,,,,,,53.7,53.98
377,2023,Республика Башкортостан,338781.33999999997,36634.3596,3.114720242389751,10.813570664783368,4077600.0,0.62350402197371,,,,,,,37.49,37.96
378,2023,Республика Бурятия,132326.44,31912.203100000002,2.713233861874931,24.116271169994448,974600.0,0.5910116971065053,,,,,,,63.95,64.22
379,2023,Республика Дагестан,193829.64,91848.1562,7.809098192679086,47.38602217906404,3209800.0,0.45189731447442205,,,,,,,3.26,3.28
380,2023,Республика Ингушетия,40069.81,15468.8304,1.3151882467456575,38.604701145326125,519100.0,0.548449239067617,,,,,,,0.67,0.68
381,2023,Республика Калмыкия,30557.33,5583.79,0.474744036258613,18.273160645907215,264500.0,0.4699432892249527,,,,,,,25.71,26.01
382,2023,Республика Карелия,87564.55,10944.667,0.9305356016409007,12.498970188278246,527900.0,0.7973100966092063,,,,,,,86.4,89.57
383,2023,Республика Коми,131170.36,2168.8726,0.18440151442921604,1.6534776606544348,726500.0,0.7768754301445285,,,,,,,69.69,72.08
384,2023,Республика Марий Эл,63615.61,12339.731300000001,1.049146519426544,19.397332352861195,672300.0,0.688234419158114,,,,,,,52.51,52.82
385,2023,Республика Мордовия,70231.45,8026.6236,0.6824382158699805,11.428816577188709,771400.0,0.6357272491573762,,,,,,,54.09,54.32
386,2023,Якутия,389273.36,65637.7005,5.580637320906406,16.86159579479058,997600.0,0.6719125902165196,,,,,,,32.63,33.58
387,2023,Северная Осетия,58910.39,16197.366199999999,1.3771296926544214,27.494922712275372,680700.0,0.6318495666225944,,,,,,,18.91,19.08
388,2023,Республика Татарстан,565706.35,5668.915,0.4819815194172766,1.0020949915092874,4001600.0,0.7675179928028789,,,,,,,40.34,40.64
389,2023,Республика Тыва,60770.0,25094.8082,2.133606481261605,41.294731281882505,337300.0,0.5529202490364661,,,,,,,10.12,10.16
390,2023,Республика Хакасия,57833.43,5299.8077,0.4505993418256196,9.163917305267905,530200.0,0.6865333836288192,,,,,,,82.14,82.68
391,2023,Ростовская область,401777.85,28268.7852,2.403463809701966,7.03592425515742,4164500.0,0.6773202065073838,,,,,,,91.69,92.47
392,2023,Рязанская область,115699.48,8257.9728,0.7021079478966508,7.13743294265454,1088900.0,0.7137478188998071,,,,,,,94.57,95.08
393,2023,Самарская область,336659.66,5535.4714,0.47063590053173837,1.6442336453378468,3142700.0,0.7950806631240653,,,,,,,89.61,90.2
394,2023,Санкт-Петербург,1149928.66,3148.861,0.2677219201935123,0.2738309870457529,5600000.0,1.0,,,,,,,90.63,91.58
395,2023,Саратовская область,203372.13,18142.2584,1.542487983907476,8.920720061298468,2404900.0,0.7679737203210113,,,,,,,89.7,90.38
396,2023,Сахалинская область,265284.2,1606.8669,0.13661876213760993,0.6057152668722826,460600.0,0.8263135041250543,,,,,,,91.2,92.24
397,2023,Свердловская область,537255.22,6105.530299999999,0.5191033506133397,1.1364301495293057,4239100.0,0.8584605222806727,,,,,,,92.32,92.77
398,2023,Смоленская область,98137.6,6275.371700000001,0.5335435770115055,6.394462163329856,873000.0,0.7265750286368843,,,,,,,94.71,96.01
399,2023,Ставропольский край,217925.99,35096.7371,2.9839887657597095,16.104888223749725,2891200.0,0.6065993359158827,,,,,,,82.9,83.34
400,2023,Тамбовская область,83277.82,14423.7703,1.2263353260579473,17.320062292696903,966300.0,0.6036427610472938,,,,,,,95.61,95.97
401,2023,Тверская область,134191.77,10465.850400000001,0.8898257387499923,7.799174569349522,1211200.0,0.7633751651254954,,,,,,,94.16,94.91
402,2023,Томская область,120708.15000000001,11421.2061,0.9710518273171971,9.461835095641842,1052100.0,0.7128599942971201,,,,,,,93.38,94.04
403,2023,Тульская область,153385.56,2615.6726,0.22238926744291254,1.7052925972953386,1481500.0,0.7316233547080662,,,,,,,94.1,94.62
404,2023,Тюменская область,353591.3,2514.4011,0.21377897932893186,0.711103779985537,3851300.0,0.8097785163451301,,,,,,,76.41,79.08
405,2023,Удмуртская Республика,130947.57,11557.0755,0.9826036921545273,8.82572735026698,1442200.0,0.6576064346137844,,,,,,,67.71,68.09
406,2023,Ульяновская область,106722.22,7597.339599999999,0.6459397052058541,7.118798315852125,1181000.0,0.7697713801862829,,,,,,,77.49,77.96
407,2023,Хабаровский край,194812.9,13634.9605,1.159269274452792,6.999002889439046,1284100.0,0.8349816992446072,,,,,,,92.86,93.61
408,2023,Ханты-Мансийский АО,0.0,2127.5491,0.18088811489550635,inf,1730400.0,0.922214516874711,,,,,,,70.3,74.08
409,2023,Челябинская область,343907.74,9250.3405,0.7864808643836025,2.68977386202474,3407100.0,0.8259516891197792,,,,,,,86.34,87.08
410,2023,Чеченская Республика,155026.24,47408.0227,4.030716779756751,30.580644089671534,1533200.0,0.3813592486303157,,,,,,,1.21,1.22
411,2023,Чувашская Республика,106514.34,20249.0698,1.7216129416282464,19.010651335773193,1173200.0,0.6431128537333788,,,,,,,30.7,30.96
412,2023,Чукотский АО,59321.06,14866.5943,1.2639850322811725,25.0612418254158,47800.0,0.690376569037657,,,,,,,54.21,57.81
413,2023,Ямало-Hенецкий АО,0.0,881.5411,0.07495023629861752,inf,512400.0,0.8471896955503514,,,,,,,62.89,67.99
414,2023,Ярославская область,140844.99,3094.532,0.2631027692680846,2.1971189745549347,1194600.0,0.8098945253641386,,,,,,,96.52,97.04
415,2024,Алтайский край,147770.09999999998,36080.241299999994,3.6070951496974093,24.41646943461499,,,,,,,,,95.45,96.08
416,2024,Амурская область,90021.52,1619.9433999999999,0.16195263031470716,1.7995068290337688,,,,,,,,,95.17,95.95
417,2024,Архангельская область,112389.91,11852.4961,1.1849444364474762,10.545872044919333,,,,,,,,,96.23,97.06
418,2024,Астраханская область,61728.3,4795.6197999999995,0.4794385042090297,7.7689160401307005,,,,,,,,,67.1,67.57
419,2024,Белгородская область,138079.12,561.9811,0.05618364032481164,0.4069993348740925,,,,,,,,,95.29,96.57
420,2024,Брянская область,76090.69,16370.7804,1.636656531385266,21.51482710959777,,,,,,,,,95.87,96.56
421,2024,Владимирская область,95892.94,7736.958799999999,0.7734966717334201,8.068329952132034,,,,,,,,,95.76,96.22
422,2024,Волгоградская область,149219.28,17856.1417,1.7851544168685938,11.966377066019888,,,,,,,,,92.52,92.97
423,2024,Вологодская область,112050.97,352.8072,0.03527163605467139,0.31486313773098085,,,,,,,,,96.71,97.17
424,2024,Воронежская область,167755.33,6784.4382000000005,0.6782691368708175,4.044245986103691,,,,,,,,,95.64,96.31
425,2024,Еврейская АО,16733.329999999998,3946.2946,0.3945278523105963,23.583438562437962,,,,,,,,,95.67,96.72
426,2024,Забайкальский край,109420.81,19714.2971,1.9709221137915092,18.01695408761825,,,,,,,,,89.22,89.47
427,2024,Ивановская область,63325.92,14971.686,1.4967831147346735,23.642271600633674,,,,,,,,,95.98,96.39
428,2024,Иркутская область,234229.38,757.204,0.0757009037999831,0.32327456103072977,,,,,,,,,92.21,92.78
429,2024,Кабардино-Балкария,51158.47,21887.42,2.1881784510512703,42.78357034524292,,,,,,,,,19.84,20.03
430,2024,Калининградская область,112895.0,4262.3329,0.4261235450768921,3.7754842109925155,,,,,,,,,91.3,93.99
431,2024,Калужская область,86831.3,429.765,0.04296543457456608,0.4949424919355117,,,,,,,,,90.35,91.44
432,2024,Камчатский край,98385.78,51388.3332,5.137510192781176,52.23146393716653,,,,,,,,,88.3,90.01
433,2024,Карачаево-Черкесия,33605.17,15195.106699999998,1.5191194321836368,45.21657441399641,,,,,,,,,27.55,27.75
434,2024,Кемеровская область,208415.01,2987.9357999999997,0.29871664776774226,1.4336471255117371,,,,,,,,,95.28,95.66
435,2024,Кировская область,89247.65,17507.936100000003,1.7503428223336792,19.617251658727152,,,,,,,,,92.78,93.14
436,2024,Костромская область,53023.19,6685.764700000001,0.6684043274784903,12.60913328677509,,,,,,,,,96.11,96.71
437,2024,Краснодарский край,458476.95,18764.706899999997,1.8759875434780835,4.092835397722829,,,,,,,,,92.34,92.98
438,2024,Красноярский край,353914.33,2549.0742999999998,0.25484179740639146,0.7202517908783178,,,,,,,,,93.64,94.21
439,2024,Курганская область,67593.07,21521.2435,2.15157022922424,31.839423035527158,,,,,,,,,93.4,93.88
440,2024,Курская область,101939.51999999999,3109.6616,0.3108860936182343,3.0504966081849316,,,,,,,,,95.93,96.62
441,2024,Ленинградская область,237415.34,483.80109999999996,0.04836765327365677,0.2037783657955716,,,,,,,,,93.73,94.89
442,2024,Липецкая область,100685.65,345.7333,0.034564428190752686,0.343378922418438,,,,,,,,,96.68,97.14
443,2024,Магаданская область,54068.91,5092.3535999999995,0.5091042440202344,9.418265690948827,,,,,,,,,87.71,90.68
444,2024,Москва,3577470.85,,,,,,,,,,,,90.21,90.97
445,2024,Московская область,996021.28,1589.2083,0.15887991167034865,0.159555657284752,,,,,,,,,92.14,93.07
446,2024,Мурманская область,94953.25,2037.4298999999999,0.20369053103141185,2.1457189722310717,,,,,,,,,89.93,93.05
447,2024,Ненецкий АО,0.0,695.9503000000001,0.06957711093690654,inf,,,,,,,,,69.57,71.29
448,2024,Нижегородская область,287682.81,924.6358,0.09243977282980599,0.3214080813518194,,,,,,,,,95.21,95.52
449,2024,Новгородская область,49737.08,1339.3468,0.1339001950090269,2.692853701906103,,,,,,,,,95.43,96.29
450,2024,Новосибирская область,257880.03,2645.9078999999997,0.2645226641717625,1.0260227982756167,,,,,,,,,94.15,94.63
451,2024,Омская область,130250.33,17663.6282,1.7659080236328235,13.561292474268585,,,,,,,,,88.71,89.94
452,2024,Оренбургская область,142833.95,11932.0386,1.1928966384175004,8.353783256711726,,,,,,,,,79.29,80.37
453,2024,Орловская область,47705.630000000005,10035.9871,1.0033403072289255,21.03732221962062,,,,,,,,,95.34,95.93
454,2024,Пензенская область,82578.19,13574.9629,1.3571467670287525,16.4389203735272,,,,,,,,,87.57,87.92
455,2024,Пермский край,211305.8,2736.2583999999997,0.27355538786152167,1.2949282035798353,,,,,,,,,89.41,89.77
456,2024,Приморский край,187384.79,7382.7688,0.738086791282556,3.9398975765322253,,,,,,,,,94.42,95.29
457,2024,Псковская область,46628.89,8378.9751,0.8376817713424041,17.96949294739806,,,,,,,,,95.78,96.97
458,2024,Республика Адыгея,39866.37,8018.5918,0.8016527203542682,20.11367425727499,,,,,,,,,64.43,65.18
459,2024,Республика Алтай,33490.13,14372.2676,1.4368567083311947,42.91493523614271,,,,,,,,,53.7,53.98
460,2024,Республика Башкортостан,246947.7,30101.2294,3.009347905017172,12.189313526710311,,,,,,,,,37.49,37.96
461,2024,Республика Бурятия,88564.64,32895.9933,3.288752336501376,37.14348446513191,,,,,,,,,63.95,64.22
462,2024,Республика Дагестан,144494.86000000002,101138.00559999999,10.111196497176126,69.99418913586267,,,,,,,,,3.26,3.28
463,2024,Республика Ингушетия,27236.45,17667.9801,1.7663431015817612,64.86888012204234,,,,,,,,,0.67,0.68
464,2024,Республика Калмыкия,26494.16,5672.4411,0.5670980581483593,21.410156426925784,,,,,,,,,25.71,26.01
465,2024,Республика Карелия,62483.87,8899.9731,0.8897681568844555,14.243632956793487,,,,,,,,,86.4,89.57
466,2024,Республика Коми,95267.31,2032.3296,0.2031806323519925,2.1332916821100545,,,,,,,,,69.69,72.08
467,2024,Республика Марий Эл,53352.4,12507.0365,1.2503816235907064,23.442312810670185,,,,,,,,,52.51,52.82
468,2024,Республика Мордовия,56430.47,6017.8958,0.6016346335123987,10.66426666302797,,,,,,,,,54.09,54.32
469,2024,Якутия,258007.40000000002,67479.3429,6.746196857595803,26.1540339153063,,,,,,,,,32.63,33.58
470,2024,Северная Осетия,42874.3,15735.0748,1.5731023392907832,36.700482106996496,,,,,,,,,18.91,19.08
471,2024,Республика Татарстан,439170.44,854.9943000000001,0.08547741593260719,0.19468393637786732,,,,,,,,,40.34,40.64
472,2024,Республика Тыва,41631.1,26383.9775,2.6377184254024257,63.37564344924829,,,,,,,,,10.12,10.16
473,2024,Республика Хакасия,40075.979999999996,4645.7285,0.4644532335530976,11.59230167297219,,,,,,,,,82.14,82.68
474,2024,Ростовская область,284708.86,23112.570600000003,2.310661966340534,8.117966753827051,,,,,,,,,91.69,92.47
475,2024,Рязанская область,89508.8,7640.838,0.7638870666151463,8.5364098278605,,,,,,,,,94.57,95.08
476,2024,Самарская область,247055.87,708.8679000000001,0.07086853833946472,0.28692615156239765,,,,,,,,,89.61,90.2
477,2024,Санкт-Петербург,932420.64,904.008,0.090377523946539,0.09695280876665278,,,,,,,,,90.63,91.58
478,2024,Саратовская область,156750.65,18144.0913,1.8139419628520324,11.575129863895302,,,,,,,,,89.7,90.38
479,2024,Сахалинская область,200236.84999999998,695.4106999999999,0.06952316483032168,0.3472940670011539,,,,,,,,,91.2,92.24
480,2024,Свердловская область,406193.39999999997,1351.7481,0.1351400057050807,0.3327843583869162,,,,,,,,,92.32,92.77
481,2024,Смоленская область,75561.78,5092.660599999999,0.5091349361157154,6.739730853349404,,,,,,,,,94.71,96.01
482,2024,Ставропольский край,162348.16999999998,35955.1964,3.5945938793058385,22.1469674712071,,,,,,,,,82.9,83.34
483,2024,Тамбовская область,62703.63,11896.3352,1.1893272176950367,18.972322973964985,,,,,,,,,95.61,95.97
484,2024,Тверская область,101372.41,7086.4982,0.7084673595450544,6.990559068290869,,,,,,,,,94.16,94.91
485,2024,Томская область,89318.06,13780.920900000001,1.3777372641006602,15.42904189813348,,,,,,,,,93.38,94.04
486,2024,Тульская область,125212.06,420.24629999999996,0.04201380965842604,0.3356276543968688,,,,,,,,,94.1,94.62
487,2024,Тюменская область,234529.44,414.362,0.0414255311651399,0.17667803240394897,,,,,,,,,76.41,79.08
488,2024,Удмуртская Республика,110750.71,12220.401,1.221725453772322,11.03415138376991,,,,,,,,,67.71,68.09
489,2024,Ульяновская область,82203.34,6405.3604000000005,0.6403711172215429,7.792092632732442,,,,,,,,,77.49,77.96
490,2024,Хабаровский край,152489.33000000002,9232.4809,0.9230103756003419,6.054509453218792,,,,,,,,,92.86,93.61
491,2024,Ханты-Мансийский АО,0.0,374.742,0.03746455128580048,inf,,,,,,,,,70.3,74.08
492,2024,Челябинская область,253026.09,2021.3264,0.2020805956581927,0.7988608605539453,,,,,,,,,86.34,87.08
493,2024,Чеченская Республика,111475.34,53495.0009,5.3481227211041,47.988192635250094,,,,,,,,,1.21,1.22
494,2024,Чувашская Республика,86445.26,20342.1602,2.0336922578116927,23.53183991811697,,,,,,,,,30.7,30.96
495,2024,Чукотский АО,43839.229999999996,15630.778199999999,1.562675364679892,35.654773589773356,,,,,,,,,54.21,57.81
496,2024,Ямало-Hенецкий АО,0.0,197.3367,0.01972858904985463,inf,,,,,,,,,62.89,67.99
497,2024,Ярославская область,102695.52,2162.1832000000004,0.21616264893098772,2.1054308892929314,,,,,,,,,96.52,97.04
