year;object_level;object_name;okato;oktmo;subsidies_for_equalizing;subventions;other_transfers;indicator_unit
2024;страна;Российская Федерация;00000000;00000000;;1701857237.8;1196337689.0;тысяча рублей
2024;федеральный округ;Дальневосточный федеральный округ;00000000;00000000;;207484172.6;215077996.7;тысяча рублей
2024;регион;Амурская область;10000000;10000000;;16423896.6;1619943.4;тысяча рублей
2024;регион;Еврейская автономная область;99000000;99000000;;5822126.0;3946294.6;тысяча рублей
2024;регион;Забайкальский край;76000000;76000000;;32523973.8;19714297.1;тысяча рублей
2024;регион;Камчатский край;30000000;30000000;;16111925.4;51388333.2;тысяча рублей
2024;регион;Магаданская область;44000000;44000000;;7879553.7;5092353.6;тысяча рублей
2024;регион;Приморский край;05000000;05000000;;26609423.7;7382768.8;тысяча рублей
2024;регион;Республика Бурятия;81000000;81000000;;37479181.1;32895993.3;тысяча рублей
2024;регион;Республика Саха (Якутия);98000000;98000000;;29803280.5;67479342.9;тысяча рублей
2024;регион;Сахалинская область;64000000;64000000;;5921371.1;695410.7;тысяча рублей
2024;регион;Хабаровский край;08000000;08000000;;23896704.6;9232480.9;тысяча рублей
2024;регион;Чукотский автономный округ;77000000;77000000;;5012736.1;15630778.2;тысяча рублей
2024;федеральный округ;Приволжский федеральный округ;00000000;00000000;;302857653.4;153977868.6;тысяча рублей
2024;регион;Кировская область;33000000;33000000;;20041212.5;17507936.1;тысяча рублей
2024;регион;Нижегородская область;22000000;22000000;;33674728.4;924635.8;тысяча рублей
2024;регион;Оренбургская область;53000000;53000000;;20666174.6;11932038.6;тысяча рублей
2024;регион;Пензенская область;56000000;56000000;;11754929.6;13574962.9;тысяча рублей
2024;регион;Пермский край;57000000;57000000;;20871883.7;2736258.4;тысяча рублей
2024;регион;Республика Башкортостан;80000000;80000000;;33911298.4;30101229.4;тысяча рублей
2024;регион;Республика Марий Эл;88000000;88000000;;14042274.2;12507036.5;тысяча рублей
2024;регион;Республика Мордовия;89000000;89000000;;15472944.0;6017895.8;тысяча рублей
2024;регион;Республика Татарстан;92000000;92000000;;39610950.3;854994.3;тысяча рублей
2024;регион;Самарская область;36000000;36000000;;26928012.5;708867.9;тысяча рублей
2024;регион;Саратовская область;63000000;63000000;;23607220.7;18144091.3;тысяча рублей
2024;регион;Удмуртская Республика;94000000;94000000;;12602829.5;12220401.0;тысяча рублей
2024;регион;Ульяновская область;73000000;73000000;;14363528.6;6405360.4;тысяча рублей
2024;регион;Чувашская Республика;97000000;97000000;;15309666.4;20342160.2;тысяча рублей
2024;федеральный округ;Северо-Западный федеральный округ;00000000;00000000;;154508452.1;41239450.1;тысяча рублей
2024;регион;Архангельская область;11000000;11000000;;19460855.4;11852496.1;тысяча рублей
2024;регион;Вологодская область;19000000;19000000;;18099102.0;352807.2;тысяча рублей
2024;регион;Санкт-Петербург;40000000;40000000;;21164262.7;904008.0;тысяча рублей
2024;регион;Калининградская область;27000000;27000000;;18577893.1;4262332.9;тысяча рублей
2024;регион;Ленинградская область;41000000;41000000;;12873135.4;483801.1;тысяча рублей
2024;регион;Мурманская область;47000000;47000000;;10217385.0;2037429.9;тысяча рублей
2024;регион;Ненецкий автономный округ;11100000;11800000;;1336749.0;695950.3;тысяча рублей
2024;регион;Новгородская область;49000000;49000000;;13619708.1;1339346.8;тысяча рублей
2024;регион;Псковская область;58000000;58000000;;15834840.5;8378975.1;тысяча рублей
2024;регион;Республика Карелия;86000000;86000000;;13937435.3;8899973.1;тысяча рублей
2024;регион;Республика Коми;87000000;87000000;;9387085.6;2032329.6;тысяча рублей
2024;федеральный округ;Северо-Кавказский федеральный округ;00000000;00000000;;125390138.6;261073784.5;тысяча рублей
2024;регион;Кабардино-Балкарская Республика;83000000;83000000;;17770141.3;21887420.0;тысяча рублей
2024;регион;Карачаево-Черкесская Республика;91000000;91000000;;8242952.8;15195106.7;тысяча рублей
2024;регион;Республика Дагестан;82000000;82000000;;23942828.5;101138005.6;тысяча рублей
2024;регион;Республика Ингушетия;26000000;26000000;;8933729.6;17667980.1;тысяча рублей
2024;регион;Республика Северная Осетия — Алания;90000000;90000000;;12711602.0;15735074.8;тысяча рублей
2024;регион;Ставропольский край;07000000;07000000;;24765136.5;35955196.4;тысяча рублей
2024;регион;Чеченская Республика;96000000;96000000;;29023747.9;53495000.9;тысяча рублей
2024;федеральный округ;Сибирский федеральный округ;00000000;00000000;;229642225.1;121866886.0;тысяча рублей
2024;регион;Алтайский край;01000000;01000000;;20863013.8;36080241.3;тысяча рублей
2024;регион;Иркутская область;25000000;25000000;;35344966.2;757204.0;тысяча рублей
2024;регион;Кемеровская область;32000000;32000000;;38214253.1;2987935.8;тысяча рублей
2024;регион;Красноярский край;04000000;04000000;;29325917.1;2549074.3;тысяча рублей
2024;регион;Новосибирская область;50000000;50000000;;24926201.8;2645907.9;тысяча рублей
2024;регион;Омская область;52000000;52000000;;24159933.6;17663628.2;тысяча рублей
2024;регион;Республика Алтай;84000000;84000000;;10528012.9;14372267.6;тысяча рублей
2024;регион;Республика Тыва;93000000;93000000;;17363732.5;26383977.5;тысяча рублей
2024;регион;Республика Хакасия;95000000;95000000;;15473984.8;4645728.5;тысяча рублей
2024;регион;Томская область;69000000;69000000;;13442209.3;13780920.9;тысяча рублей
2024;федеральный округ;Уральский федеральный округ;00000000;00000000;;90207786.3;25880758.7;тысяча рублей
2024;регион;Курганская область;37000000;37000000;;14508217.8;21521243.5;тысяча рублей
2024;регион;Свердловская область;65000000;65000000;;29421676.6;1351748.1;тысяча рублей
2024;регион;Тюменская область;71000000;71000000;;6627629.9;414362.0;тысяча рублей
2024;регион;Ханты-Мансийский автономный округ — Югра;71100000;71800000;;13927405.3;374742.0;тысяча рублей
2024;регион;Челябинская область;75000000;75000000;;23809977.8;2021326.4;тысяча рублей
2024;регион;Ямало-Ненецкий автономный округ;71140000;71900000;;1912878.9;197336.7;тысяча рублей
2024;федеральный округ;Центральный федеральный округ;00000000;00000000;;327551717.7;102920726.0;тысяча рублей
2024;регион;Белгородская область;14000000;14000000;;17149295.6;561981.1;тысяча рублей
2024;регион;Брянская область;15000000;15000000;;16971021.7;16370780.4;тысяча рублей
2024;регион;Владимирская область;17000000;17000000;;14155024.5;7736958.8;тысяча рублей
2024;регион;Воронежская область;20000000;20000000;;20063558.0;6784438.2;тысяча рублей
2024;регион;Москва;45000000;45000000;;15610166.6;;тысяча рублей
2024;регион;Ивановская область;24000000;24000000;;12665325.2;14971686.0;тысяча рублей
2024;регион;Калужская область;29000000;29000000;;10189889.0;429765.0;тысяча рублей
2024;регион;Костромская область;34000000;34000000;;11187700.8;6685764.7;тысяча рублей
2024;регион;Курская область;38000000;38000000;;11897365.3;3109661.6;тысяча рублей
2024;регион;Липецкая область;42000000;42000000;;21121722.8;345733.3;тысяча рублей
2024;регион;Московская область;46000000;46000000;;67877900.3;1589208.3;тысяча рублей
2024;регион;Орловская область;54000000;54000000;;12045798.0;10035987.1;тысяча рублей
2024;регион;Рязанская область;61000000;61000000;;17094764.2;7640838.0;тысяча рублей
2024;регион;Смоленская область;66000000;66000000;;12428988.6;5092660.6;тысяча рублей
2024;регион;Тамбовская область;68000000;68000000;;14282476.5;11896335.2;тысяча рублей
2024;регион;Тверская область;28000000;28000000;;16999054.2;7086498.2;тысяча рублей
2024;регион;Тульская область;70000000;70000000;;11998624.5;420246.3;тысяча рублей
2024;регион;Ярославская область;78000000;78000000;;23813041.9;2162183.2;тысяча рублей
2024;федеральный округ;Южный федеральный округ;00000000;00000000;;238033867.2;114472972.9;тысяча рублей
2024;регион;Астраханская область;12000000;12000000;;12589477.5;4795619.8;тысяча рублей
2024;регион;Волгоградская область;18000000;18000000;;28114733.2;17856141.7;тысяча рублей
2024;регион;Краснодарский край;03000000;03000000;;44442585.3;18764706.9;тысяча рублей
2024;регион;Республика Адыгея;79000000;79000000;;9132085.4;8018591.8;тысяча рублей
2024;регион;Республика Калмыкия;85000000;85000000;;8155232.5;5672441.1;тысяча рублей
2024;регион;Ростовская область;60000000;60000000;;32769107.6;23112570.6;тысяча рублей
2023;страна;Российская Федерация;00000000;00000000;;1806072768.4;1220848648.3;тысяча рублей
2023;федеральный округ;Дальневосточный федеральный округ;00000000;00000000;;200481740.8;239892380.3;тысяча рублей
2023;регион;Амурская область;10000000;10000000;;15302871.5;6732594.4;тысяча рублей
2023;регион;Еврейская автономная область;99000000;99000000;;5501636.8;5089894.8;тысяча рублей
2023;регион;Забайкальский край;76000000;76000000;;28770400.5;21367191.2;тысяча рублей
2023;регион;Камчатский край;30000000;30000000;;13096630.0;49167632.9;тысяча рублей
2023;регион;Магаданская область;44000000;44000000;;5857538.0;6104997.8;тысяча рублей
2023;регион;Приморский край;05000000;05000000;;26149750.0;23771743.9;тысяча рублей
2023;регион;Республика Бурятия;81000000;81000000;;34357192.1;31912203.1;тысяча рублей
2023;регион;Республика Саха (Якутия);98000000;98000000;;35163151.0;65637700.5;тысяча рублей
2023;регион;Сахалинская область;64000000;64000000;;4607647.7;1606866.9;тысяча рублей
2023;регион;Хабаровский край;08000000;08000000;;23254314.7;13634960.5;тысяча рублей
2023;регион;Чукотский автономный округ;77000000;77000000;;8420608.5;14866594.3;тысяча рублей
2023;федеральный округ;Приволжский федеральный округ;00000000;00000000;;317177269.0;191615873.7;тысяча рублей
2023;регион;Кировская область;33000000;33000000;;18574508.2;18071572.2;тысяча рублей
2023;регион;Нижегородская область;22000000;22000000;;33416146.1;7320183.1;тысяча рублей
2023;регион;Оренбургская область;53000000;53000000;;25124729.8;14788780.0;тысяча рублей
2023;регион;Пензенская область;56000000;56000000;;13221157.0;14450630.7;тысяча рублей
2023;регион;Пермский край;57000000;57000000;;24589646.8;11233863.5;тысяча рублей
2023;регион;Республика Башкортостан;80000000;80000000;;39030371.7;36634359.6;тысяча рублей
2023;регион;Республика Марий Эл;88000000;88000000;;11796417.0;12339731.3;тысяча рублей
2023;регион;Республика Мордовия;89000000;89000000;;14082163.1;8026623.6;тысяча рублей
2023;регион;Республика Татарстан;92000000;92000000;;32457218.4;5668915.0;тысяча рублей
2023;регион;Самарская область;36000000;36000000;;29060189.4;5535471.4;тысяча рублей
2023;регион;Саратовская область;63000000;63000000;;25185481.7;18142258.4;тысяча рублей
2023;регион;Удмуртская Республика;94000000;94000000;;16853367.7;11557075.5;тысяча рублей
2023;регион;Ульяновская область;73000000;73000000;;15441311.7;7597339.6;тысяча рублей
2023;регион;Чувашская Республика;97000000;97000000;;18344560.4;20249069.8;тысяча рублей
2023;федеральный округ;Северо-Западный федеральный округ;00000000;00000000;;152618440.1;79186811.8;тысяча рублей
2023;регион;Архангельская область;11000000;11000000;;17486253.4;15153059.9;тысяча рублей
2023;регион;Вологодская область;19000000;19000000;;16803730.9;3346887.8;тысяча рублей
2023;регион;Санкт-Петербург;40000000;40000000;;20432055.5;3148861.0;тысяча рублей
2023;регион;Калининградская область;27000000;27000000;;13399573.7;5683926.2;тысяча рублей
2023;регион;Ленинградская область;41000000;41000000;;12855165.3;2812688.3;тысяча рублей
2023;регион;Мурманская область;47000000;47000000;;15450365.5;2739666.6;тысяча рублей
2023;регион;Ненецкий автономный округ;11100000;11800000;;1353046.7;2087356.2;тысяча рублей
2023;регион;Новгородская область;49000000;49000000;;15961825.7;20410081.1;тысяча рублей
2023;регион;Псковская область;58000000;58000000;;13611766.5;10690745.1;тысяча рублей
2023;регион;Республика Карелия;86000000;86000000;;14167270.7;10944667.0;тысяча рублей
2023;регион;Республика Коми;87000000;87000000;;11097386.2;2168872.6;тысяча рублей
2023;федеральный округ;Северо-Кавказский федеральный округ;00000000;00000000;;178507405.9;240092514.6;тысяча рублей
2023;регион;Кабардино-Балкарская Республика;83000000;83000000;;22711520.9;19929758.6;тысяча рублей
2023;регион;Карачаево-Черкесская Республика;91000000;91000000;;10871997.9;14143643.4;тысяча рублей
2023;регион;Республика Дагестан;82000000;82000000;;40545609.2;91848156.2;тысяча рублей
2023;регион;Республика Ингушетия;26000000;26000000;;14611577.1;15468830.4;тысяча рублей
2023;регион;Республика Северная Осетия — Алания;90000000;90000000;;14149903.8;16197366.2;тысяча рублей
2023;регион;Ставропольский край;07000000;07000000;;28802545.2;35096737.1;тысяча рублей
2023;регион;Чеченская Республика;96000000;96000000;;46814251.8;47408022.7;тысяча рублей
2023;федеральный округ;Сибирский федеральный округ;00000000;00000000;;228524764.2;146719986.9;тысяча рублей
2023;регион;Алтайский край;01000000;01000000;;25825950.5;38913882.3;тысяча рублей
2023;регион;Иркутская область;25000000;25000000;;38955282.6;4712836.7;тысяча рублей
2023;регион;Кемеровская область;32000000;32000000;;26315485.9;11656404.3;тысяча рублей
2023;регион;Красноярский край;04000000;04000000;;31631149.5;8477061.3;тысяча рублей
2023;регион;Новосибирская область;50000000;50000000;;32359868.6;10673196.2;тысяча рублей
2023;регион;Омская область;52000000;52000000;;23291562.1;16530299.9;тысяча рублей
2023;регион;Республика Алтай;84000000;84000000;;8248582.9;13940484.2;тысяча рублей
2023;регион;Республика Тыва;93000000;93000000;;18120654.3;25094808.2;тысяча рублей
2023;регион;Республика Хакасия;95000000;95000000;;9608365.7;5299807.7;тысяча рублей
2023;регион;Томская область;69000000;69000000;;14167862.1;11421206.1;тысяча рублей
2023;федеральный округ;Уральский федеральный округ;00000000;00000000;;98098599.4;40379124.2;тысяча рублей
2023;регион;Курганская область;37000000;37000000;;15856749.9;19499762.1;тысяча рублей
2023;регион;Свердловская область;65000000;65000000;;32552211.7;6105530.3;тысяча рублей
2023;регион;Тюменская область;71000000;71000000;;7672241.1;2514401.1;тысяча рублей
2023;регион;Ханты-Мансийский автономный округ — Югра;71100000;71800000;;12120063.1;2127549.1;тысяча рублей
2023;регион;Челябинская область;75000000;75000000;;27474379.2;9250340.5;тысяча рублей
2023;регион;Ямало-Ненецкий автономный округ;71140000;71900000;;2422954.4;881541.1;тысяча рублей
2023;федеральный округ;Центральный федеральный округ;00000000;00000000;;320507706.7;148389981.9;тысяча рублей
2023;регион;Белгородская область;14000000;14000000;;15450135.2;2403098.0;тысяча рублей
2023;регион;Брянская область;15000000;15000000;;15481658.4;24210594.4;тысяча рублей
2023;регион;Владимирская область;17000000;17000000;;13312114.2;9758394.1;тысяча рублей
2023;регион;Воронежская область;20000000;20000000;;26840059.4;12048178.8;тысяча рублей
2023;регион;Москва;45000000;45000000;;27902749.3;6205686.2;тысяча рублей
2023;регион;Ивановская область;24000000;24000000;;13507375.3;16188564.3;тысяча рублей
2023;регион;Калужская область;29000000;29000000;;11909346.5;1320391.6;тысяча рублей
2023;регион;Костромская область;34000000;34000000;;11489704.2;6016743.0;тысяча рублей
2023;регион;Курская область;38000000;38000000;;14964042.9;7715540.7;тысяча рублей
2023;регион;Липецкая область;42000000;42000000;;14554298.9;2710987.4;тысяча рублей
2023;регион;Московская область;46000000;46000000;;51227977.5;5537200.6;тысяча рублей
2023;регион;Орловская область;54000000;54000000;;14304421.2;9141433.0;тысяча рублей
2023;регион;Рязанская область;61000000;61000000;;18546007.4;8257972.8;тысяча рублей
2023;регион;Смоленская область;66000000;66000000;;10355538.7;6275371.7;тысяча рублей
2023;регион;Тамбовская область;68000000;68000000;;14572812.3;14423770.3;тысяча рублей
2023;регион;Тверская область;28000000;28000000;;16130506.5;10465850.4;тысяча рублей
2023;регион;Тульская область;70000000;70000000;;13856439.5;2615672.6;тысяча рублей
2023;регион;Ярославская область;78000000;78000000;;16102519.3;3094532.0;тысяча рублей
2023;федеральный округ;Южный федеральный округ;00000000;00000000;;299444987.4;123881974.9;тысяча рублей
2023;регион;Астраханская область;12000000;12000000;;13829653.8;5217088.7;тысяча рублей
2023;регион;Волгоградская область;18000000;18000000;;27586942.0;19348285.0;тысяча рублей
2023;регион;Краснодарский край;03000000;03000000;;51230226.0;24553025.3;тысяча рублей
2023;регион;Республика Адыгея;79000000;79000000;;14009506.8;6920892.4;тысяча рублей
2023;регион;Республика Калмыкия;85000000;85000000;;9114628.5;5583790.0;тысяча рублей
2023;регион;Ростовская область;60000000;60000000;;39768077.3;28268785.2;тысяча рублей
2022;страна;Российская Федерация;00000000;00000000;;3828811853.1;1019909205.0;тысяча рублей
2022;федеральный округ;Дальневосточный федеральный округ;00000000;00000000;;427891319.9;208765569.4;тысяча рублей
2022;регион;Амурская область;10000000;10000000;;47244307.6;7467174.3;тысяча рублей
2022;регион;Еврейская автономная область;99000000;99000000;;9161204.1;2448284.1;тысяча рублей
2022;регион;Забайкальский край;76000000;76000000;;59913573.7;16184894.1;тысяча рублей
2022;регион;Камчатский край;30000000;30000000;;20805932.3;46909714.7;тысяча рублей
2022;регион;Магаданская область;44000000;44000000;;8832146.6;5192521.8;тысяча рублей
2022;регион;Приморский край;05000000;05000000;;58455390.8;14861424.7;тысяча рублей
2022;регион;Республика Бурятия;81000000;81000000;;61482539.4;27205883.6;тысяча рублей
2022;регион;Республика Саха (Якутия);98000000;98000000;;74916158.1;60669479.5;тысяча рублей
2022;регион;Сахалинская область;64000000;64000000;;12990287.9;1563897.7;тысяча рублей
2022;регион;Хабаровский край;08000000;08000000;;59757076.6;11737003.1;тысяча рублей
2022;регион;Чукотский автономный округ;77000000;77000000;;14332702.8;14525291.8;тысяча рублей
2022;федеральный округ;Приволжский федеральный округ;00000000;00000000;;686978735.4;139789985.1;тысяча рублей
2022;регион;Кировская область;33000000;33000000;;43071160.3;15780606.8;тысяча рублей
2022;регион;Нижегородская область;22000000;22000000;;78231805.4;4049055.8;тысяча рублей
2022;регион;Оренбургская область;53000000;53000000;;47098494.6;8736617.2;тысяча рублей
2022;регион;Пензенская область;56000000;56000000;;27315783.9;11430468.0;тысяча рублей
2022;регион;Пермский край;57000000;57000000;;53662150.9;5235528.3;тысяча рублей
2022;регион;Республика Башкортостан;80000000;80000000;;91729028.6;26857116.4;тысяча рублей
2022;регион;Республика Марий Эл;88000000;88000000;;23054210.8;9641435.6;тысяча рублей
2022;регион;Республика Мордовия;89000000;89000000;;24461225.8;5343019.2;тысяча рублей
2022;регион;Республика Татарстан;92000000;92000000;;68455818.3;5922949.6;тысяча рублей
2022;регион;Самарская область;36000000;36000000;;67998685.5;3633013.7;тысяча рублей
2022;регион;Саратовская область;63000000;63000000;;58795876.4;14108256.8;тысяча рублей
2022;регион;Удмуртская Республика;94000000;94000000;;38032473.2;7397263.5;тысяча рублей
2022;регион;Ульяновская область;73000000;73000000;;29096993.1;5756680.2;тысяча рублей
2022;регион;Чувашская Республика;97000000;97000000;;35975028.6;15897974.0;тысяча рублей
2022;федеральный округ;Северо-Западный федеральный округ;00000000;00000000;;308048408.8;53497057.6;тысяча рублей
2022;регион;Архангельская область;11000000;11000000;;41000370.8;12753125.7;тысяча рублей
2022;регион;Вологодская область;19000000;19000000;;34678985.2;2262757.2;тысяча рублей
2022;регион;Санкт-Петербург;40000000;40000000;;43812896.0;5105023.9;тысяча рублей
2022;регион;Калининградская область;27000000;27000000;;31871326.3;5014274.0;тысяча рублей
2022;регион;Ленинградская область;41000000;41000000;;26357628.1;2736455.5;тысяча рублей
2022;регион;Мурманская область;47000000;47000000;;22400924.3;2832250.3;тысяча рублей
2022;регион;Ненецкий автономный округ;11100000;11800000;;4880458.2;607716.2;тысяча рублей
2022;регион;Новгородская область;49000000;49000000;;24003466.9;2703509.8;тысяча рублей
2022;регион;Псковская область;58000000;58000000;;27265214.0;7780847.9;тысяча рублей
2022;регион;Республика Карелия;86000000;86000000;;26829716.3;10187819.7;тысяча рублей
2022;регион;Республика Коми;87000000;87000000;;24947422.7;1513277.4;тысяча рублей
2022;федеральный округ;Северо-Кавказский федеральный округ;00000000;00000000;;377144959.7;206207536.6;тысяча рублей
2022;регион;Кабардино-Балкарская Республика;83000000;83000000;;44528411.5;16373378.0;тысяча рублей
2022;регион;Карачаево-Черкесская Республика;91000000;91000000;;25687997.7;11928931.2;тысяча рублей
2022;регион;Республика Дагестан;82000000;82000000;;83971083.3;83567865.9;тысяча рублей
2022;регион;Республика Ингушетия;26000000;26000000;;32060013.8;12835599.9;тысяча рублей
2022;регион;Республика Северная Осетия — Алания;90000000;90000000;;33850460.9;12786092.9;тысяча рублей
2022;регион;Ставропольский край;07000000;07000000;;69552740.1;30124542.8;тысяча рублей
2022;регион;Чеченская Республика;96000000;96000000;;87494252.4;38591125.9;тысяча рублей
2022;федеральный округ;Сибирский федеральный округ;00000000;00000000;;500572004.2;131052614.7;тысяча рублей
2022;регион;Алтайский край;01000000;01000000;;66033602.8;36375007.5;тысяча рублей
2022;регион;Иркутская область;25000000;25000000;;80195595.7;4062390.1;тысяча рублей
2022;регион;Кемеровская область;32000000;32000000;;48988992.6;10994306.8;тысяча рублей
2022;регион;Красноярский край;04000000;04000000;;80206617.5;8225585.8;тысяча рублей
2022;регион;Новосибирская область;50000000;50000000;;75767034.9;12427854.4;тысяча рублей
2022;регион;Омская область;52000000;52000000;;54385593.9;11132572.7;тысяча рублей
2022;регион;Республика Алтай;84000000;84000000;;15287133.1;11824810.7;тысяча рублей
2022;регион;Республика Тыва;93000000;93000000;;27864854.4;22385168.8;тысяча рублей
2022;регион;Республика Хакасия;95000000;95000000;;21416671.8;4770634.4;тысяча рублей
2022;регион;Томская область;69000000;69000000;;30425907.5;8854283.5;тысяча рублей
2022;федеральный округ;Уральский федеральный округ;00000000;00000000;;221634884.2;36309748.9;тысяча рублей
2022;регион;Курганская область;37000000;37000000;;31067983.0;16294940.9;тысяча рублей
2022;регион;Свердловская область;65000000;65000000;;75323453.8;9283572.5;тысяча рублей
2022;регион;Тюменская область;71000000;71000000;;18392303.2;1909168.5;тысяча рублей
2022;регион;Ханты-Мансийский автономный округ — Югра;71100000;71800000;;24693556.3;2288749.3;тысяча рублей
2022;регион;Челябинская область;75000000;75000000;;66233388.7;5696748.5;тысяча рублей
2022;регион;Ямало-Ненецкий автономный округ;71140000;71900000;;5924199.2;836569.2;тысяча рублей
2022;федеральный округ;Центральный федеральный округ;00000000;00000000;;688668157.2;138244823.6;тысяча рублей
2022;регион;Белгородская область;14000000;14000000;;32466677.9;2620792.3;тысяча рублей
2022;регион;Брянская область;15000000;15000000;;28489436.2;23854116.3;тысяча рублей
2022;регион;Владимирская область;17000000;17000000;;29878035.1;8675252.0;тысяча рублей
2022;регион;Воронежская область;20000000;20000000;;51696224.3;12422903.8;тысяча рублей
2022;регион;Москва;45000000;45000000;;77863959.2;5458621.3;тысяча рублей
2022;регион;Ивановская область;24000000;24000000;;29302773.3;15389087.8;тысяча рублей
2022;регион;Калужская область;29000000;29000000;;25531017.8;1957641.4;тысяча рублей
2022;регион;Костромская область;34000000;34000000;;24591291.8;4548373.7;тысяча рублей
2022;регион;Курская область;38000000;38000000;;31989229.0;7027090.8;тысяча рублей
2022;регион;Липецкая область;42000000;42000000;;25911532.1;2506160.1;тысяча рублей
2022;регион;Московская область;46000000;46000000;;107086667.2;10487781.9;тысяча рублей
2022;регион;Орловская область;54000000;54000000;;24632759.6;8639742.5;тысяча рублей
2022;регион;Рязанская область;61000000;61000000;;45366025.7;6499068.8;тысяча рублей
2022;регион;Смоленская область;66000000;66000000;;22045190.5;4753040.8;тысяча рублей
2022;регион;Тамбовская область;68000000;68000000;;26937046.1;12017356.7;тысяча рублей
2022;регион;Тверская область;28000000;28000000;;31636134.1;7997698.9;тысяча рублей
2022;регион;Тульская область;70000000;70000000;;34596047.6;2225922.7;тысяча рублей
2022;регион;Ярославская область;78000000;78000000;;38648109.7;1164171.8;тысяча рублей
2022;федеральный округ;Южный федеральный округ;00000000;00000000;;595404595.5;100611224.4;тысяча рублей
2022;регион;Астраханская область;12000000;12000000;;36124197.3;4267668.0;тысяча рублей
2022;регион;Волгоградская область;18000000;18000000;;66279309.0;14754512.8;тысяча рублей
2022;регион;Краснодарский край;03000000;03000000;;118813739.9;18797456.2;тысяча рублей
2022;регион;Республика Адыгея;79000000;79000000;;16505901.5;6140867.9;тысяча рублей
2022;регион;Республика Калмыкия;85000000;85000000;;13806069.8;5329906.8;тысяча рублей
2022;регион;Ростовская область;60000000;60000000;;91548333.5;22524209.2;тысяча рублей
2021;страна;Российская Федерация;00000000;00000000;718284711.8;3950697132.4;2054491871.8;тысяча рублей
2021;федеральный округ;Дальневосточный федеральный округ;00000000;00000000;166341020.1;505961404.1;412227023.0;тысяча рублей
2021;регион;Амурская область;10000000;10000000;3977019.3;41499137.1;12694249.0;тысяча рублей
2021;регион;Еврейская автономная область;99000000;99000000;1974804.9;10344147.6;6662780.0;тысяча рублей
2021;регион;Забайкальский край;76000000;76000000;12352857.3;51559247.5;37787627.4;тысяча рублей
2021;регион;Камчатский край;30000000;30000000;41128793.6;61476253.1;87093400.8;тысяча рублей
2021;регион;Магаданская область;44000000;44000000;4492566.1;14878684.4;10899158.4;тысяча рублей
2021;регион;Приморский край;05000000;05000000;9097061.3;68181657.5;28610393.8;тысяча рублей
2021;регион;Республика Бурятия;81000000;81000000;21862377.9;64482463.0;52847121.0;тысяча рублей
2021;регион;Республика Саха (Якутия);98000000;98000000;51597946.8;106598447.7;118986021.8;тысяча рублей
2021;регион;Сахалинская область;64000000;64000000;;10224347.3;1751213.4;тысяча рублей
2021;регион;Хабаровский край;08000000;08000000;7075048.8;52078091.4;26335694.4;тысяча рублей
2021;регион;Чукотский автономный округ;77000000;77000000;12782544.1;24638927.5;28559363.0;тысяча рублей
2021;федеральный округ;Приволжский федеральный округ;00000000;00000000;89530456.2;672946497.3;297338248.4;тысяча рублей
2021;регион;Кировская область;33000000;33000000;12659146.0;38860034.0;30723884.6;тысяча рублей
2021;регион;Нижегородская область;22000000;22000000;3784242.7;70217028.1;15483345.0;тысяча рублей
2021;регион;Оренбургская область;53000000;53000000;5027253.2;45789912.6;19570630.4;тысяча рублей
2021;регион;Пензенская область;56000000;56000000;8014880.6;32086179.4;22532003.2;тысяча рублей
2021;регион;Пермский край;57000000;57000000;2535865.8;51136370.5;17066894.0;тысяча рублей
2021;регион;Республика Башкортостан;80000000;80000000;17172983.9;98074126.4;54247733.2;тысяча рублей
2021;регион;Республика Марий Эл;88000000;88000000;7225506.0;26572922.6;19834697.2;тысяча рублей
2021;регион;Республика Мордовия;89000000;89000000;3118099.0;22310050.0;10447691.0;тысяча рублей
2021;регион;Республика Татарстан;92000000;92000000;;62965630.2;11529818.2;тысяча рублей
2021;регион;Самарская область;36000000;36000000;;61418204.7;6607328.6;тысяча рублей
2021;регион;Саратовская область;63000000;63000000;9850447.8;58689135.5;29643415.6;тысяча рублей
2021;регион;Удмуртская Республика;94000000;94000000;4409777.8;36021569.3;16083304.8;тысяча рублей
2021;регион;Ульяновская область;73000000;73000000;3505908.3;26153496.5;11804073.2;тысяча рублей
2021;регион;Чувашская Республика;97000000;97000000;12226345.1;42651837.5;31763429.4;тысяча рублей
2021;федеральный округ;Северо-Западный федеральный округ;00000000;00000000;28167161.9;294553705.9;106867917.6;тысяча рублей
2021;регион;Архангельская область;11000000;11000000;9557096.6;41487963.9;27168273.0;тысяча рублей
2021;регион;Вологодская область;19000000;19000000;1495024.8;32497375.1;5689275.2;тысяча рублей
2021;регион;Санкт-Петербург;40000000;40000000;;48960571.0;5798368.8;тысяча рублей
2021;регион;Калининградская область;27000000;27000000;2741233.4;29142101.2;10484826.2;тысяча рублей
2021;регион;Ленинградская область;41000000;41000000;;28014228.4;2674706.2;тысяча рублей
2021;регион;Мурманская область;47000000;47000000;14943.8;20422039.8;6942269.4;тысяча рублей
2021;регион;Ненецкий автономный округ;11100000;11800000;;2280249.9;245242.2;тысяча рублей
2021;регион;Новгородская область;49000000;49000000;1653477.6;19165653.9;6474362.4;тысяча рублей
2021;регион;Псковская область;58000000;58000000;4684648.7;23940593.4;14251429.0;тысяча рублей
2021;регион;Республика Карелия;86000000;86000000;7709643.6;27373878.0;21083751.4;тысяча рублей
2021;регион;Республика Коми;87000000;87000000;311093.4;21269051.3;6055413.8;тысяча рублей
2021;федеральный округ;Северо-Кавказский федеральный округ;00000000;00000000;176427716.0;505045373.7;395546566.2;тысяча рублей
2021;регион;Кабардино-Балкарская Республика;83000000;83000000;14023197.7;45181285.1;31329531.8;тысяча рублей
2021;регион;Карачаево-Черкесская Республика;91000000;91000000;10061698.4;34414624.4;22167665.6;тысяча рублей
2021;регион;Республика Дагестан;82000000;82000000;72892420.5;142592622.6;157874287.4;тысяча рублей
2021;регион;Республика Ингушетия;26000000;26000000;11181480.2;39975122.9;24547936.8;тысяча рублей
2021;регион;Республика Северная Осетия — Алания;90000000;90000000;10492847.0;37064988.5;24656161.4;тысяча рублей
2021;регион;Ставропольский край;07000000;07000000;24291427.8;88826483.0;59059605.2;тысяча рублей
2021;регион;Чеченская Республика;96000000;96000000;33484644.4;116990247.2;75911378.0;тысяча рублей
2021;федеральный округ;Сибирский федеральный округ;00000000;00000000;87093303.8;516733139.5;267858665.2;тысяча рублей
2021;регион;Алтайский край;01000000;01000000;29521598.3;85451314.8;69801382.4;тысяча рублей
2021;регион;Иркутская область;25000000;25000000;1927197.6;73671349.7;17679542.8;тысяча рублей
2021;регион;Кемеровская область;32000000;32000000;3476915.8;53669596.8;23186561.8;тысяча рублей
2021;регион;Красноярский край;04000000;04000000;906719.4;64466050.8;13483555.4;тысяча рублей
2021;регион;Новосибирская область;50000000;50000000;6404851.5;73076633.6;23971482.8;тысяча рублей
2021;регион;Омская область;52000000;52000000;8135492.4;54203921.3;24367677.6;тысяча рублей
2021;регион;Республика Алтай;84000000;84000000;9374943.9;21510289.3;22768497.6;тысяча рублей
2021;регион;Республика Тыва;93000000;93000000;18625857.6;38070796.2;43116024.0;тысяча рублей
2021;регион;Республика Хакасия;95000000;95000000;3464381.2;18387529.4;11320412.0;тысяча рублей
2021;регион;Томская область;69000000;69000000;5255346.1;34225657.6;18163528.8;тысяча рублей
2021;федеральный округ;Уральский федеральный округ;00000000;00000000;20191137.8;228498960.7;83498394.4;тысяча рублей
2021;регион;Курганская область;37000000;37000000;13249667.9;38513447.3;32252310.8;тысяча рублей
2021;регион;Свердловская область;65000000;65000000;;75901175.2;10925171.2;тысяча рублей
2021;регион;Тюменская область;71000000;71000000;;18939312.7;4389350.2;тысяча рублей
2021;регион;Ханты-Мансийский автономный округ — Югра;71100000;71800000;;22412660.1;4810746.4;тысяча рублей
2021;регион;Челябинская область;75000000;75000000;6941469.9;66815934.6;29617635.2;тысяча рублей
2021;регион;Ямало-Ненецкий автономный округ;71140000;71900000;;5916430.8;1503180.6;тысяча рублей
2021;федеральный округ;Центральный федеральный округ;00000000;00000000;79626635.5;699661247.4;282415333.4;тысяча рублей
2021;регион;Белгородская область;14000000;14000000;996957.0;31658467.0;8324547.0;тысяча рублей
2021;регион;Брянская область;15000000;15000000;13382003.4;46354115.2;48886335.0;тысяча рублей
2021;регион;Владимирская область;17000000;17000000;6134292.2;34679736.3;18105756.6;тысяча рублей
2021;регион;Воронежская область;20000000;20000000;7974041.1;60972277.8;27836835.2;тысяча рублей
2021;регион;Москва;45000000;45000000;;88587247.0;10332682.0;тысяча рублей
2021;регион;Ивановская область;24000000;24000000;12917549.0;35048115.8;29190106.8;тысяча рублей
2021;регион;Калужская область;29000000;29000000;;22509514.1;2161270.8;тысяча рублей
2021;регион;Костромская область;34000000;34000000;3634205.4;18985391.6;10068023.2;тысяча рублей
2021;регион;Курская область;38000000;38000000;3664697.2;26205361.1;15247304.4;тысяча рублей
2021;регион;Липецкая область;42000000;42000000;949959.4;24789270.7;7038808.0;тысяча рублей
2021;регион;Московская область;46000000;46000000;;95563827.3;11205001.2;тысяча рублей
2021;регион;Орловская область;54000000;54000000;5987895.0;25856485.9;16194123.0;тысяча рублей
2021;регион;Рязанская область;61000000;61000000;4342834.0;33078665.3;14188237.8;тысяча рублей
2021;регион;Смоленская область;66000000;66000000;3474713.0;21189166.2;10993383.2;тысяча рублей
2021;регион;Тамбовская область;68000000;68000000;9522931.2;34000043.7;23789850.0;тысяча рублей
2021;регион;Тверская область;28000000;28000000;4720516.3;34373157.7;15897803.2;тысяча рублей
2021;регион;Тульская область;70000000;70000000;1220516.2;37286867.6;8144388.4;тысяча рублей
2021;регион;Ярославская область;78000000;78000000;703525.1;28523537.1;4810877.6;тысяча рублей
2021;федеральный округ;Южный федеральный округ;00000000;00000000;70907280.5;527296803.8;208739723.6;тысяча рублей
2021;регион;Астраханская область;12000000;12000000;2501199.8;28406807.2;9103358.6;тысяча рублей
2021;регион;Волгоградская область;18000000;18000000;9811006.5;69803571.7;28187081.4;тысяча рублей
2021;регион;Краснодарский край;03000000;03000000;10710526.5;113706460.5;41928600.2;тысяча рублей
2021;регион;Республика Адыгея;79000000;79000000;4504223.1;19206664.9;11111246.6;тысяча рублей
2021;регион;Республика Калмыкия;85000000;85000000;3733383.4;14191263.9;11067188.8;тысяча рублей
2021;регион;Ростовская область;60000000;60000000;14994005.3;92151416.2;48253644.8;тысяча рублей
2020;страна;Российская Федерация;00000000;00000000;717866344.6;3424847082.6;709938502.6;тысяча рублей
2020;федеральный округ;Дальневосточный федеральный округ;00000000;00000000;165922652.9;422967129.4;117793411.6;тысяча рублей
2020;регион;Амурская область;10000000;10000000;3977019.3;26066241.1;9539449.2;тысяча рублей
2020;регион;Еврейская автономная область;99000000;99000000;1974804.9;7640978.9;1876657.2;тысяча рублей
2020;регион;Забайкальский край;76000000;76000000;12352857.3;43056353.1;13935684.0;тысяча рублей
2020;регион;Камчатский край;30000000;30000000;41128793.6;56177888.0;10084877.2;тысяча рублей
2020;регион;Магаданская область;44000000;44000000;4492566.1;13923150.1;2238973.4;тысяча рублей
2020;регион;Приморский край;05000000;05000000;9097061.3;52779895.3;18345048.4;тысяча рублей
2020;регион;Республика Бурятия;81000000;81000000;21862377.9;57547766.4;13743622.0;тысяча рублей
2020;регион;Республика Саха (Якутия);98000000;98000000;51597946.8;94560606.8;13518528.0;тысяча рублей
2020;регион;Сахалинская область;64000000;64000000;;8929924.4;11277988.8;тысяча рублей
2020;регион;Хабаровский край;08000000;08000000;7075048.8;42579100.4;15037721.2;тысяча рублей
2020;регион;Чукотский автономный округ;77000000;77000000;12364176.9;19705224.9;8194862.2;тысяча рублей
2020;федеральный округ;Приволжский федеральный округ;00000000;00000000;89530456.2;579247495.2;135634595.8;тысяча рублей
2020;регион;Кировская область;33000000;33000000;12659146.0;34443593.4;6884770.0;тысяча рублей
2020;регион;Нижегородская область;22000000;22000000;3784242.7;59265483.6;13566857.0;тысяча рублей
2020;регион;Оренбургская область;53000000;53000000;5027253.2;38767695.4;10963317.8;тысяча рублей
2020;регион;Пензенская область;56000000;56000000;8014880.6;29409667.2;11016884.6;тысяча рублей
2020;регион;Пермский край;57000000;57000000;2535865.8;40739437.9;10040013.2;тысяча рублей
2020;регион;Республика Башкортостан;80000000;80000000;17172983.9;83857956.7;18163296.0;тысяча рублей
2020;регион;Республика Марий Эл;88000000;88000000;7225506.0;24429317.2;4884704.6;тысяча рублей
2020;регион;Республика Мордовия;89000000;89000000;3118099.0;21874333.4;5967183.4;тысяча рублей
2020;регион;Республика Татарстан;92000000;92000000;;56693837.8;13521012.4;тысяча рублей
2020;регион;Самарская область;36000000;36000000;;46200549.4;8516060.2;тысяча рублей
2020;регион;Саратовская область;63000000;63000000;9850447.8;52431584.0;11413211.6;тысяча рублей
2020;регион;Удмуртская Республика;94000000;94000000;4409777.8;30463737.0;8717801.0;тысяча рублей
2020;регион;Ульяновская область;73000000;73000000;3505908.3;24255365.7;5545200.8;тысяча рублей
2020;регион;Чувашская Республика;97000000;97000000;12226345.1;36414936.5;6434283.2;тысяча рублей
2020;федеральный округ;Северо-Западный федеральный округ;00000000;00000000;28167161.9;247118086.7;51621551.6;тысяча рублей
2020;регион;Архангельская область;11000000;11000000;9557096.6;37429133.6;7854469.4;тысяча рублей
2020;регион;Вологодская область;19000000;19000000;1495024.8;27028475.4;5802978.6;тысяча рублей
2020;регион;Санкт-Петербург;40000000;40000000;;36291842.6;5009710.0;тысяча рублей
2020;регион;Калининградская область;27000000;27000000;2741233.4;22277994.3;6108118.2;тысяча рублей
2020;регион;Ленинградская область;41000000;41000000;;20847547.8;2061302.2;тысяча рублей
2020;регион;Мурманская область;47000000;47000000;14943.8;17283119.8;5725757.8;тысяча рублей
2020;регион;Ненецкий автономный округ;11100000;11800000;;1780506.0;299206.4;тысяча рублей
2020;регион;Новгородская область;49000000;49000000;1653477.6;17501325.8;2912803.4;тысяча рублей
2020;регион;Псковская область;58000000;58000000;4684648.7;22739965.4;4117672.4;тысяча рублей
2020;регион;Республика Карелия;86000000;86000000;7709643.6;26740917.2;9262073.8;тысяча рублей
2020;регион;Республика Коми;87000000;87000000;311093.4;17197258.8;2467459.4;тысяча рублей
2020;федеральный округ;Северо-Кавказский федеральный округ;00000000;00000000;176427716.0;436859523.4;45795886.8;тысяча рублей
2020;регион;Кабардино-Балкарская Республика;83000000;83000000;14023197.7;41079059.3;3873694.8;тысяча рублей
2020;регион;Карачаево-Черкесская Республика;91000000;91000000;10061698.4;29608017.9;2307719.2;тысяча рублей
2020;регион;Республика Дагестан;82000000;82000000;72892420.5;132497477.3;13190557.4;тысяча рублей
2020;регион;Республика Ингушетия;26000000;26000000;11181480.2;36690090.7;2185022.0;тысяча рублей
2020;регион;Республика Северная Осетия — Алания;90000000;90000000;10492847.0;31182372.0;3809332.0;тысяча рублей
2020;регион;Ставропольский край;07000000;07000000;24291427.8;70916297.8;12362777.0;тысяча рублей
2020;регион;Чеченская Республика;96000000;96000000;33484644.4;94886208.4;8066784.4;тысяча рублей
2020;федеральный округ;Сибирский федеральный округ;00000000;00000000;87093303.8;431752681.5;98158984.0;тысяча рублей
2020;регион;Алтайский край;01000000;01000000;29521598.3;74769731.5;13368295.0;тысяча рублей
2020;регион;Иркутская область;25000000;25000000;1927197.6;57007011.8;13303068.0;тысяча рублей
2020;регион;Кемеровская область;32000000;32000000;3476915.8;45455324.4;14588024.8;тысяча рублей
2020;регион;Красноярский край;04000000;04000000;906719.4;47514463.6;10709630.2;тысяча рублей
2020;регион;Новосибирская область;50000000;50000000;6404851.5;60476713.1;11822012.2;тысяча рублей
2020;регион;Омская область;52000000;52000000;8135492.4;46210418.3;14989860.6;тысяча рублей
2020;регион;Республика Алтай;84000000;84000000;9374943.9;20706653.2;2566295.4;тысяча рублей
2020;регион;Республика Тыва;93000000;93000000;18625857.6;34713781.2;4336831.4;тысяча рублей
2020;регион;Республика Хакасия;95000000;95000000;3464381.2;18305904.7;3958229.4;тысяча рублей
2020;регион;Томская область;69000000;69000000;5255346.1;26592679.7;8516737.0;тысяча рублей
2020;федеральный округ;Уральский федеральный округ;00000000;00000000;20191137.8;177679848.8;46052727.6;тысяча рублей
2020;регион;Курганская область;37000000;37000000;13249667.9;34238135.3;5243860.8;тысяча рублей
2020;регион;Свердловская область;65000000;65000000;;57961335.4;10109188.4;тысяча рублей
2020;регион;Тюменская область;71000000;71000000;;14056540.0;4099552.8;тысяча рублей
2020;регион;Ханты-Мансийский автономный округ — Югра;71100000;71800000;;15996956.8;4601893.8;тысяча рублей
2020;регион;Челябинская область;75000000;75000000;6941469.9;51249539.1;21269282.4;тысяча рублей
2020;регион;Ямало-Ненецкий автономный округ;71140000;71900000;;4177342.2;728949.4;тысяча рублей
2020;федеральный округ;Центральный федеральный округ;00000000;00000000;79626635.5;598000925.3;140670212.6;тысяча рублей
2020;регион;Белгородская область;14000000;14000000;996957.0;31492469.6;7343477.8;тысяча рублей
2020;регион;Брянская область;15000000;15000000;13382003.4;40564714.5;22793918.4;тысяча рублей
2020;регион;Владимирская область;17000000;17000000;6134292.2;29378957.5;6661567.4;тысяча рублей
2020;регион;Воронежская область;20000000;20000000;7974041.1;51667472.5;14243843.6;тысяча рублей
2020;регион;Москва;45000000;45000000;;70052798.0;6252130.2;тысяча рублей
2020;регион;Ивановская область;24000000;24000000;12917549.0;30549954.8;4843740.4;тысяча рублей
2020;регион;Калужская область;29000000;29000000;;23318079.0;3816186.2;тысяча рублей
2020;регион;Костромская область;34000000;34000000;3634205.4;18851860.8;6855127.0;тысяча рублей
2020;регион;Курская область;38000000;38000000;3664697.2;23000526.9;8874344.2;тысяча рублей
2020;регион;Липецкая область;42000000;42000000;949959.4;22198143.3;8962635.0;тысяча рублей
2020;регион;Московская область;46000000;46000000;;78057445.6;9323043.2;тысяча рублей
2020;регион;Орловская область;54000000;54000000;5987895.0;20668968.7;4734164.4;тысяча рублей
2020;регион;Рязанская область;61000000;61000000;4342834.0;26374863.0;6029509.0;тысяча рублей
2020;регион;Смоленская область;66000000;66000000;3474713.0;21551845.8;4603031.4;тысяча рублей
2020;регион;Тамбовская область;68000000;68000000;9522931.2;30779136.0;6904625.0;тысяча рублей
2020;регион;Тверская область;28000000;28000000;4720516.3;30122032.5;7413527.6;тысяча рублей
2020;регион;Тульская область;70000000;70000000;1220516.2;26235441.6;5812111.8;тысяча рублей
2020;регион;Ярославская область;78000000;78000000;703525.1;23136215.2;5203230.0;тысяча рублей
2020;федеральный округ;Южный федеральный округ;00000000;00000000;70907280.5;531221392.3;74211132.6;тысяча рублей
2020;регион;Астраханская область;12000000;12000000;2501199.8;22744315.8;4646035.2;тысяча рублей
2020;регион;Волгоградская область;18000000;18000000;9811006.5;55707205.5;12815811.4;тысяча рублей
2020;регион;Краснодарский край;03000000;03000000;10710526.5;87079671.2;21101468.6;тысяча рублей
2020;регион;Республика Адыгея;79000000;79000000;4504223.1;19912493.6;2693108.0;тысяча рублей
2020;регион;Республика Калмыкия;85000000;85000000;3733383.4;13566714.6;1826808.8;тысяча рублей
2020;регион;Ростовская область;60000000;60000000;14994005.3;71978419.9;20014831.4;тысяча рублей
2019;страна;Российская Федерация;00000000;00000000;1352220499.0;5005215997.6;801640506.5;тысяча рублей
2019;федеральный округ;Дальневосточный федеральный округ;00000000;00000000;305519794.7;598861819.8;83900109.9;тысяча рублей
2019;регион;Амурская область;10000000;10000000;7230944.2;31548623.6;5009302.5;тысяча рублей
2019;регион;Еврейская автономная область;99000000;99000000;3590554.4;10330080.6;1276751.7;тысяча рублей
2019;регион;Забайкальский край;76000000;76000000;24050828.6;53292704.5;13156206.8;тысяча рублей
2019;регион;Камчатский край;30000000;30000000;74779624.6;94152966.7;4880607.5;тысяча рублей
2019;регион;Магаданская область;44000000;44000000;9462772.0;16061475.4;1775016.4;тысяча рублей
2019;регион;Приморский край;05000000;05000000;17455299.6;69655057.2;10885882.2;тысяча рублей
2019;регион;Республика Бурятия;81000000;81000000;39759898.3;85684872.3;6671111.1;тысяча рублей
2019;регион;Республика Саха (Якутия);98000000;98000000;93836535.2;130746573.7;12869636.2;тысяча рублей
2019;регион;Сахалинская область;64000000;64000000;9291.2;10299176.4;1617200.5;тысяча рублей
2019;регион;Хабаровский край;08000000;08000000;12863725.0;61363119.5;8896830.8;тысяча рублей
2019;регион;Чукотский автономный округ;77000000;77000000;22480321.6;35727169.9;16861564.2;тысяча рублей
2019;федеральный округ;Приволжский федеральный округ;00000000;00000000;165621486.3;768839086.2;171540984.0;тысяча рублей
2019;регион;Кировская область;33000000;33000000;23021791.5;55165013.5;9700846.4;тысяча рублей
2019;регион;Нижегородская область;22000000;22000000;8547090.1;73548303.5;18349589.2;тысяча рублей
2019;регион;Оренбургская область;53000000;53000000;9148644.8;48685144.9;14197221.5;тысяча рублей
2019;регион;Пензенская область;56000000;56000000;14593401.9;42828610.2;17164745.0;тысяча рублей
2019;регион;Пермский край;57000000;57000000;4934237.6;50336041.0;11728617.6;тысяча рублей
2019;регион;Республика Башкортостан;80000000;80000000;31242609.5;110209433.5;19818459.4;тысяча рублей
2019;регион;Республика Марий Эл;88000000;88000000;13864296.9;32025164.7;7277302.6;тысяча рублей
2019;регион;Республика Мордовия;89000000;89000000;5669271.0;29525561.3;7451748.1;тысяча рублей
2019;регион;Республика Татарстан;92000000;92000000;;65817126.1;11526307.4;тысяча рублей
2019;регион;Самарская область;36000000;36000000;13098.0;63710353.3;11864251.5;тысяча рублей
2019;регион;Саратовская область;63000000;63000000;17952322.5;63476386.3;14639482.4;тысяча рублей
2019;регион;Удмуртская Республика;94000000;94000000;8021985.7;45587345.8;14294137.6;тысяча рублей
2019;регион;Ульяновская область;73000000;73000000;6383018.4;33814202.3;6507358.3;тысяча рублей
2019;регион;Чувашская Республика;97000000;97000000;22229718.4;54110399.8;7020917.0;тысяча рублей
2019;федеральный округ;Северо-Западный федеральный округ;00000000;00000000;58152448.0;337663942.4;82134719.2;тысяча рублей
2019;регион;Архангельская область;11000000;11000000;18122141.4;54038357.0;12450798.3;тысяча рублей
2019;регион;Вологодская область;19000000;19000000;5056524.4;40135362.0;10584920.6;тысяча рублей
2019;регион;Санкт-Петербург;40000000;40000000;;45834537.0;3288874.0;тысяча рублей
2019;регион;Калининградская область;27000000;27000000;4992795.3;34653951.2;7115290.8;тысяча рублей
2019;регион;Ленинградская область;41000000;41000000;26714.7;30626465.6;2402763.9;тысяча рублей
2019;регион;Мурманская область;47000000;47000000;74119.5;18885558.6;10428807.8;тысяча рублей
2019;регион;Ненецкий автономный округ;11100000;11800000;;4713242.0;455644.9;тысяча рублей
2019;регион;Новгородская область;49000000;49000000;3040025.4;18657825.0;7643920.9;тысяча рублей
2019;регион;Псковская область;58000000;58000000;9919954.7;29169423.0;7564449.9;тысяча рублей
2019;регион;Республика Карелия;86000000;86000000;16230828.6;37760271.1;14690950.4;тысяча рублей
2019;регион;Республика Коми;87000000;87000000;689344.0;23188949.9;5508297.7;тысяча рублей
2019;федеральный округ;Северо-Кавказский федеральный округ;00000000;00000000;320957856.6;697508459.5;41120476.5;тысяча рублей
2019;регион;Кабардино-Балкарская Республика;83000000;83000000;25496723.2;55973847.2;3761560.7;тысяча рублей
2019;регион;Карачаево-Черкесская Республика;91000000;91000000;18293997.2;50190410.6;2295681.5;тысяча рублей
2019;регион;Республика Дагестан;82000000;82000000;132615403.6;218928723.5;10854501.8;тысяча рублей
2019;регион;Республика Ингушетия;26000000;26000000;20340872.3;61892861.6;2095710.8;тысяча рублей
2019;регион;Республика Северная Осетия — Алания;90000000;90000000;19082970.9;50106181.9;3803648.2;тысяча рублей
2019;регион;Ставропольский край;07000000;07000000;44197252.5;111842094.1;11208883.1;тысяча рублей
2019;регион;Чеченская Республика;96000000;96000000;60930636.9;148574340.6;7100490.4;тысяча рублей
2019;федеральный округ;Сибирский федеральный округ;00000000;00000000;178165389.7;586582828.9;138073310.2;тысяча рублей
2019;регион;Алтайский край;01000000;01000000;53691054.0;111885638.9;14280159.0;тысяча рублей
2019;регион;Иркутская область;25000000;25000000;11127751.6;70803155.0;17674909.2;тысяча рублей
2019;регион;Кемеровская область;32000000;32000000;13719350.6;77299709.8;18881341.0;тысяча рублей
2019;регион;Красноярский край;04000000;04000000;3625352.7;53509568.0;21449165.3;тысяча рублей
2019;регион;Новосибирская область;50000000;50000000;11645184.6;67129921.6;15528132.2;тысяча рублей
2019;регион;Омская область;52000000;52000000;14853562.7;58464740.3;27873924.9;тысяча рублей
2019;регион;Республика Алтай;84000000;84000000;19742040.2;38292848.3;3346056.7;тысяча рублей
2019;регион;Республика Тыва;93000000;93000000;33865195.6;51729607.3;3475683.0;тысяча рублей
2019;регион;Республика Хакасия;95000000;95000000;6319201.9;24361523.3;3747767.6;тысяча рублей
2019;регион;Томская область;69000000;69000000;9576695.8;33106116.4;11816171.3;тысяча рублей
2019;федеральный округ;Уральский федеральный округ;00000000;00000000;40149509.3;241508418.3;49264842.1;тысяча рублей
2019;регион;Курганская область;37000000;37000000;24699278.8;49962072.2;8907500.5;тысяча рублей
2019;регион;Свердловская область;65000000;65000000;51825.1;67149528.6;10892933.4;тысяча рублей
2019;регион;Тюменская область;71000000;71000000;5067.3;18528765.4;3551444.2;тысяча рублей
2019;регион;Ханты-Мансийский автономный округ — Югра;71100000;71800000;1909.5;22694427.3;5100696.4;тысяча рублей
2019;регион;Челябинская область;75000000;75000000;15391428.6;77476513.0;20107956.6;тысяча рублей
2019;регион;Ямало-Ненецкий автономный округ;71140000;71900000;;5697111.8;704311.0;тысяча рублей
2019;федеральный округ;Центральный федеральный округ;00000000;00000000;150489270.8;872580653.3;143466603.6;тысяча рублей
2019;регион;Белгородская область;14000000;14000000;4097977.4;52859752.6;7494712.7;тысяча рублей
2019;регион;Брянская область;15000000;15000000;24341166.4;68980905.6;6288861.1;тысяча рублей
2019;регион;Владимирская область;17000000;17000000;11406059.6;40331757.1;7306046.7;тысяча рублей
2019;регион;Воронежская область;20000000;20000000;14817784.9;73477544.9;9671201.0;тысяча рублей
2019;регион;Москва;45000000;45000000;;100076090.3;7376147.5;тысяча рублей
2019;регион;Ивановская область;24000000;24000000;23496777.7;47035783.4;6845366.8;тысяча рублей
2019;регион;Калужская область;29000000;29000000;7411.8;30092589.3;3089401.1;тысяча рублей
2019;регион;Костромская область;34000000;34000000;7046050.2;28912126.8;14653915.0;тысяча рублей
2019;регион;Курская область;38000000;38000000;8157459.3;38569223.0;6123610.9;тысяча рублей
2019;регион;Липецкая область;42000000;42000000;1745709.1;28215228.1;8552356.9;тысяча рублей
2019;регион;Московская область;46000000;46000000;40995.7;95586716.4;7880642.9;тысяча рублей
2019;регион;Орловская область;54000000;54000000;10902704.9;32726464.4;4521381.0;тысяча рублей
2019;регион;Рязанская область;61000000;61000000;7996453.6;45336699.2;9508998.4;тысяча рублей
2019;регион;Смоленская область;66000000;66000000;6536735.6;30411422.9;8397394.7;тысяча рублей
2019;регион;Тамбовская область;68000000;68000000;17319389.1;42871867.9;9230752.8;тысяча рублей
2019;регион;Тверская область;28000000;28000000;8726034.6;39837650.2;10288580.4;тысяча рублей
2019;регион;Тульская область;70000000;70000000;2257867.5;45489938.2;7644872.4;тысяча рублей
2019;регион;Ярославская область;78000000;78000000;1592693.4;31768893.0;8592361.3;тысяча рублей
2019;федеральный округ;Южный федеральный округ;00000000;00000000;133164743.6;901670789.2;92139461.0;тысяча рублей
2019;регион;Астраханская область;12000000;12000000;5571585.2;33681131.4;7686283.5;тысяча рублей
2019;регион;Волгоградская область;18000000;18000000;17982960.7;81119187.1;20827300.9;тысяча рублей
2019;регион;Краснодарский край;03000000;03000000;19493982.8;102640353.1;22228524.8;тысяча рублей
2019;регион;Республика Адыгея;79000000;79000000;8400913.4;30140521.8;2813154.0;тысяча рублей
2019;регион;Республика Калмыкия;85000000;85000000;7889817.3;22437782.6;3194964.2;тысяча рублей
2019;регион;Ростовская область;60000000;60000000;27266367.2;98967123.1;20317610.5;тысяча рублей
2018;страна;Российская Федерация;00000000;00000000;645144288.2;1429228265.6;244943561.2;тысяча рублей
2018;федеральный округ;Дальневосточный федеральный округ;00000000;00000000;149262897.0;101770290.0;23692709.4;тысяча рублей
2018;регион;Амурская область;10000000;10000000;3602260.5;10125752.4;1105662.8;тысяча рублей
2018;регион;Еврейская автономная область;99000000;99000000;1889765.5;1751406.0;179604.2;тысяча рублей
2018;регион;Забайкальский край;76000000;76000000;12131146.2;10429471.2;7515734.6;тысяча рублей
2018;регион;Камчатский край;30000000;30000000;39357697.2;5429029.6;3965803.2;тысяча рублей
2018;регион;Магаданская область;44000000;44000000;4977912.6;3719076.8;386990.6;тысяча рублей
2018;регион;Приморский край;05000000;05000000;8516042.5;20775279.0;3294425.0;тысяча рублей
2018;регион;Республика Бурятия;81000000;81000000;18298640.3;13961587.6;1542651.8;тысяча рублей
2018;регион;Республика Саха (Якутия);98000000;98000000;43944997.7;12587065.8;3383088.8;тысяча рублей
2018;регион;Сахалинская область;64000000;64000000;;3880167.0;93104.8;тысяча рублей
2018;регион;Хабаровский край;08000000;08000000;6770381.6;15830217.4;1990790.4;тысяча рублей
2018;регион;Чукотский автономный округ;77000000;77000000;9774052.9;3281237.2;234853.2;тысяча рублей
2018;федеральный округ;Приволжский федеральный округ;00000000;00000000;77388723.7;227850102.2;47987556.4;тысяча рублей
2018;регион;Кировская область;33000000;33000000;10007230.0;10735017.2;1963176.2;тысяча рублей
2018;регион;Нижегородская область;22000000;22000000;3929022.6;20808454.6;3957539.8;тысяча рублей
2018;регион;Оренбургская область;53000000;53000000;3974113.2;17286504.6;2491501.6;тысяча рублей
2018;регион;Пензенская область;56000000;56000000;6677239.2;10844550.4;12753195.6;тысяча рублей
2018;регион;Пермский край;57000000;57000000;2186594.0;17163443.0;3085450.8;тысяча рублей
2018;регион;Республика Башкортостан;80000000;80000000;16433477.4;27511570.6;5764267.8;тысяча рублей
2018;регион;Республика Марий Эл;88000000;88000000;6025779.7;6964490.4;710646.6;тысяча рублей
2018;регион;Республика Мордовия;89000000;89000000;2755155.5;10608643.4;1296099.0;тысяча рублей
2018;регион;Республика Татарстан;92000000;92000000;;32863486.8;737573.8;тысяча рублей
2018;регион;Самарская область;36000000;36000000;;21270961.4;450103.2;тысяча рублей
2018;регион;Саратовская область;63000000;63000000;8495340.2;17153362.0;2383404.6;тысяча рублей
2018;регион;Удмуртская Республика;94000000;94000000;3632692.7;12205592.4;9285035.4;тысяча рублей
2018;регион;Ульяновская область;73000000;73000000;3354936.2;10269011.6;1608443.4;тысяча рублей
2018;регион;Чувашская Республика;97000000;97000000;9917143.0;12165013.8;1501118.6;тысяча рублей
2018;федеральный округ;Северо-Западный федеральный округ;00000000;00000000;28635671.7;99518962.8;24091881.6;тысяча рублей
2018;регион;Архангельская область;11000000;11000000;8824435.8;10425263.8;2374911.2;тысяча рублей
2018;регион;Вологодская область;19000000;19000000;2733988.9;11673105.6;1338373.4;тысяча рублей
2018;регион;Санкт-Петербург;40000000;40000000;;18927705.0;979986.2;тысяча рублей
2018;регион;Калининградская область;27000000;27000000;2166982.9;12397889.8;1210807.2;тысяча рублей
2018;регион;Ленинградская область;41000000;41000000;;13139189.2;260523.8;тысяча рублей
2018;регион;Мурманская область;47000000;47000000;472903.0;4903654.4;4145825.8;тысяча рублей
2018;регион;Ненецкий автономный округ;11100000;11800000;;652126.6;16170.8;тысяча рублей
2018;регион;Новгородская область;49000000;49000000;1307096.9;5970708.8;1915239.8;тысяча рублей
2018;регион;Псковская область;58000000;58000000;4288008.0;7559304.4;3011769.4;тысяча рублей
2018;регион;Республика Карелия;86000000;86000000;8542541.4;6366714.6;7663103.4;тысяча рублей
2018;регион;Республика Коми;87000000;87000000;299714.8;7503300.6;1175170.6;тысяча рублей
2018;федеральный округ;Северо-Кавказский федеральный округ;00000000;00000000;143748512.8;135615841.4;19972682.4;тысяча рублей
2018;регион;Кабардино-Балкарская Республика;83000000;83000000;11085531.8;11572121.2;3348998.2;тысяча рублей
2018;регион;Карачаево-Черкесская Республика;91000000;91000000;9134791.1;15400349.4;411988.8;тысяча рублей
2018;регион;Республика Дагестан;82000000;82000000;59065832.5;29947876.8;2593765.6;тысяча рублей
2018;регион;Республика Ингушетия;26000000;26000000;9197281.2;16618568.0;504849.8;тысяча рублей
2018;регион;Республика Северная Осетия — Алания;90000000;90000000;8983902.7;10583387.4;640070.2;тысяча рублей
2018;регион;Ставропольский край;07000000;07000000;19202709.7;24609840.8;10943432.4;тысяча рублей
2018;регион;Чеченская Республика;96000000;96000000;27078463.8;26883697.8;1529577.4;тысяча рублей
2018;федеральный округ;Сибирский федеральный округ;00000000;00000000;88159272.1;158882550.2;50525635.0;тысяча рублей
2018;регион;Алтайский край;01000000;01000000;27129122.5;21658704.8;9024168.0;тысяча рублей
2018;регион;Иркутская область;25000000;25000000;5850352.0;24637096.4;3470585.8;тысяча рублей
2018;регион;Кемеровская область;32000000;32000000;7220710.8;19426601.8;4150421.8;тысяча рублей
2018;регион;Красноярский край;04000000;04000000;3194525.8;32338461.2;7089721.6;тысяча рублей
2018;регион;Новосибирская область;50000000;50000000;5562539.9;18615714.0;3235995.6;тысяча рублей
2018;регион;Омская область;52000000;52000000;6576685.0;13784750.4;17429622.2;тысяча рублей
2018;регион;Республика Алтай;84000000;84000000;9645506.4;6435731.6;288810.0;тысяча рублей
2018;регион;Республика Тыва;93000000;93000000;15732671.2;7446125.6;487358.2;тысяча рублей
2018;регион;Республика Хакасия;95000000;95000000;3092734.7;6792062.8;2408261.0;тысяча рублей
2018;регион;Томская область;69000000;69000000;4154423.8;7747301.6;2940690.8;тысяча рублей
2018;федеральный округ;Уральский федеральный округ;00000000;00000000;20586379.9;80316858.4;11505865.2;тысяча рублей
2018;регион;Курганская область;37000000;37000000;12996957.2;7905203.6;2893072.8;тысяча рублей
2018;регион;Свердловская область;65000000;65000000;;27238919.8;1615228.2;тысяча рублей
2018;регион;Тюменская область;71000000;71000000;;11306055.8;358848.4;тысяча рублей
2018;регион;Ханты-Мансийский автономный округ — Югра;71100000;71800000;;8687842.4;235297.4;тысяча рублей
2018;регион;Челябинская область;75000000;75000000;7589422.7;22769355.6;6321853.2;тысяча рублей
2018;регион;Ямало-Ненецкий автономный округ;71140000;71900000;;2409481.2;81565.2;тысяча рублей
2018;федеральный округ;Центральный федеральный округ;00000000;00000000;76109072.3;321367076.0;40354022.6;тысяча рублей
2018;регион;Белгородская область;14000000;14000000;2367047.5;25031254.6;1573960.8;тысяча рублей
2018;регион;Брянская область;15000000;15000000;12805744.9;34287746.2;1316850.8;тысяча рублей
2018;регион;Владимирская область;17000000;17000000;5579463.1;11801880.6;1991720.2;тысяча рублей
2018;регион;Воронежская область;20000000;20000000;7011928.6;25952330.6;2060018.2;тысяча рублей
2018;регион;Москва;45000000;45000000;;42188857.0;3217937.4;тысяча рублей
2018;регион;Ивановская область;24000000;24000000;11636525.0;7340628.8;4400797.4;тысяча рублей
2018;регион;Калужская область;29000000;29000000;272673.0;12598484.2;1036892.6;тысяча рублей
2018;регион;Костромская область;34000000;34000000;3702949.7;6839034.8;6822840.8;тысяча рублей
2018;регион;Курская область;38000000;38000000;3773624.0;16572609.0;1269151.4;тысяча рублей
2018;регион;Липецкая область;42000000;42000000;794283.4;13503708.6;1071191.8;тысяча рублей
2018;регион;Московская область;46000000;46000000;;36791957.8;1512975.6;тысяча рублей
2018;регион;Орловская область;54000000;54000000;5730043.1;9900259.4;1835466.2;тысяча рублей
2018;регион;Рязанская область;61000000;61000000;3468529.3;15295070.2;1184221.4;тысяча рублей
2018;регион;Смоленская область;66000000;66000000;3245918.2;7993000.2;1345689.8;тысяча рублей
2018;регион;Тамбовская область;68000000;68000000;9112852.8;14133901.4;5841207.8;тысяча рублей
2018;регион;Тверская область;28000000;28000000;4076536.8;12641781.0;1497036.6;тысяча рублей
2018;регион;Тульская область;70000000;70000000;1845052.1;18433454.6;1446014.6;тысяча рублей
2018;регион;Ярославская область;78000000;78000000;685900.8;10061117.0;930049.2;тысяча рублей
2018;федеральный округ;Южный федеральный округ;00000000;00000000;61253758.7;303906384.6;26813208.6;тысяча рублей
2018;регион;Астраханская область;12000000;12000000;2416618.2;7369077.6;4151385.8;тысяча рублей
2018;регион;Волгоградская область;18000000;18000000;8288733.1;23932117.8;10151315.2;тысяча рублей
2018;регион;Краснодарский край;03000000;03000000;8737922.3;35029122.6;5860664.8;тысяча рублей
2018;регион;Республика Адыгея;79000000;79000000;3798076.2;8051495.2;432513.0;тысяча рублей
2018;регион;Республика Калмыкия;85000000;85000000;3844346.7;4503296.4;264941.0;тысяча рублей
2018;регион;Ростовская область;60000000;60000000;13851965.4;27536376.0;5119549.4;тысяча рублей
